DeployID,Ptt,Instr,RecordType,MsgCount,Duplicates,Corrupt,AvgInterval,MinInterval,Date,Satellite,LocationQuality,Latitude,Longitude,Latitude2,Longitude2,IQ,Duration,Frequency,Power
ZcTag029,102465,Mk10,DS,4,0,0,27,15,2014-05-13 15:06:56,NL,Z,35.8507,-71.1143,37.3839,-80.0465,30,,401677611,-131
ZcTag029,102465,Mk10,DS,5,0,0,20,15,2014-05-13 15:06:56,MB,0,35.5356,-74.7763,36.4994,-79.5946,50,,401677677,-126
ZcTag029,102465,Mk10,DS,4,0,0,27,15,2014-05-13 15:07:37,L,,,,,,,,,-131
ZcTag029,102465,Mk10,DS,5,0,0,20,15,2014-05-13 15:07:05,B,,,,,,,,,-131
ZcTag029,102465,Mk10,DS,3,0,2,44,33,2014-05-13 16:37:11,NL,A,35.5138,-74.5131,46.3419,-126.6059,6,,401677745,-134
ZcTag029,102465,Mk10,DS,3,0,2,44,33,2014-05-13 16:37:11,L,A,35.514,-74.513,,,6,,401677745,-134
ZcTag029,102465,Mk10,DS,9,3,3,,,2014-05-13 17:58:47,NP,0,35.5064,-74.847,37.6099,-64.5149,68,,401677694,-126
ZcTag029,102465,Mk10,DS,9,3,3,,,2014-05-13 17:58:47,P,0,35.506,-74.847,,,68,,401677695,-126
ZcTag029,102465,Mk10,DS,1,0,1,,,2014-05-13 19:38:09,NP,,,,,,,,401677676,-135
ZcTag029,102465,Mk10,DS,1,0,1,,,2014-05-13 19:38:09,P,,,,,,,,,
ZcTag029,102465,Mk10,DS,8,1,3,,,2014-05-13 20:32:57,NK,0,35.5682,-74.7301,41.9634,-43.098,58,,401677676,-127
ZcTag029,102465,Mk10,DS,8,1,3,,,2014-05-13 20:32:57,K,0,35.568,-74.73,,,58,,401677677,-127
ZcTag029,102465,Mk10,DS,7,0,6,26,16,2014-05-13 22:14:40,NK,0,35.5423,-74.6236,32.1712,-90.6142,57,,401677652,-128
ZcTag029,102465,Mk10,DS,7,0,5,26,16,2014-05-13 22:14:40,K,0,35.542,-74.624,,,57,,401677653,-128
ZcTag029,102465,Mk10,DS,9,0,2,16,15,2014-05-14 00:14:03,SR,1,35.4676,-74.7606,,,68,,401677658,-122
ZcTag029,102465,Mk10,DS,9,0,2,16,15,2014-05-14 00:14:03,R,1,35.468,-74.761,,,68,,401677658,-122
ZcTag029,102465,Mk10,DS,6,0,3,17,15,2014-05-14 01:33:24,MA,0,35.5554,-74.7065,38.7021,-59.3778,68,,401677660,-116
ZcTag029,102465,Mk10,DS,6,0,3,17,15,2014-05-14 01:33:24,A,0,35.555,-74.707,,,68,,401677660,-116
ZcTag029,102465,Mk10,DS,5,0,2,16,15,2014-05-14 03:12:23,MA,0,35.5509,-74.7998,28.7108,-107.0391,68,,401677676,-122
ZcTag029,102465,Mk10,DS,5,0,2,16,15,2014-05-14 03:12:23,A,0,35.551,-74.8,,,68,,401677676,-122
ZcTag029,102465,Mk10,DS,4,0,2,17,16,2014-05-14 08:13:34,NP,0,35.2976,-75.4345,39.8365,-99.0112,68,,401677702,-136
ZcTag029,102465,Mk10,DS,4,0,2,17,16,2014-05-14 08:13:34,P,0,35.298,-75.434,,,68,,401677702,-136
ZcTag029,102465,Mk10,DS,1,0,1,,,2014-05-14 10:36:27,NK,,,,,,,,401677676,-134
ZcTag029,102465,Mk10,DS,1,0,1,,,2014-05-14 10:36:27,K,,,,,,,,,
ZcTag029,102465,Mk10,DS,6,0,2,23,15,2014-05-14 11:01:21,NN,0,35.5368,-74.7396,44.1496,-117.6364,60,,401677646,-130
ZcTag029,102465,Mk10,DS,6,0,2,23,15,2014-05-14 11:01:21,N,0,35.537,-74.74,,,60,,401677646,-130
ZcTag029,102465,Mk10,DS,7,0,3,20,15,2014-05-14 11:26:57,SR,1,35.5641,-74.6886,30.8438,-97.7107,60,,401677671,-120
ZcTag029,102465,Mk10,DS,7,0,3,20,15,2014-05-14 11:26:57,R,1,35.564,-74.689,,,60,,401677672,-120
ZcTag029,102465,Mk10,DS,2,0,0,35,35,2014-05-14 13:54:20,MA,B,35.505,-74.5532,29.5041,-44.9125,,,401677671,-124
ZcTag029,102465,Mk10,DS,2,0,0,35,35,2014-05-14 13:54:20,A,B,35.505,-74.553,,,,,401677672,-124
ZcTag029,102465,Mk10,DS,8,0,1,19,16,2014-05-14 16:29:00,NL,0,35.6371,-74.7441,44.7518,-119.6551,68,,401677667,-129
ZcTag029,102465,Mk10,DS,8,0,1,19,16,2014-05-14 16:29:00,L,0,35.637,-74.744,,,68,,401677668,-129
ZcTag029,102465,Mk10,DS,1,0,1,,,2014-05-14 16:28:13,MB,,,,,,,,401677671,-133
ZcTag029,102465,Mk10,DS,1,0,1,,,2014-05-14 16:28:13,B,,,,,,,,,
ZcTag029,102465,Mk10,DS,11,0,6,17,15,2014-05-14 21:52:55,NK,Z,33.8959,-80.2767,35.358,-72.4454,30,,401677660,-128
ZcTag029,102465,Mk10,DS,11,0,6,17,15,2014-05-14 21:54:05,K,,,,,,,,,-128
ZcTag029,102465,Mk10,DS,8,0,6,35,16,2014-05-15 01:10:38,MA,2,35.5406,-74.7013,40.6012,-49.7356,56,,401677656,-116
ZcTag029,102465,Mk10,DS,8,0,6,35,16,2014-05-15 01:10:38,A,2,35.541,-74.701,,,56,,401677655,-116
ZcTag029,102465,Mk10,DS,2,0,2,19,19,2014-05-15 03:52:26,NL,B,35.543,-74.6785,24.6269,-126.963,,,401677656,-134
ZcTag029,102465,Mk10,DS,2,0,2,19,19,2014-05-15 03:52:26,L,B,35.543,-74.678,,,,,401677657,-134
ZcTag029,102465,Mk10,DS,7,0,5,21,17,2014-05-15 09:07:06,NN,1,35.5484,-74.6224,33.3013,-64.2344,58,,401677674,-121
ZcTag029,102465,Mk10,DS,7,0,5,21,17,2014-05-15 09:07:06,N,1,35.548,-74.622,,,58,,401677675,-121
ZcTag029,102465,Mk10,DS,10,0,4,19,15,2014-05-15 13:31:33,MA,0,35.4935,-74.5445,27.4707,-35.2771,58,,401677663,-122
ZcTag029,102465,Mk10,DS,10,0,4,19,15,2014-05-15 13:31:33,A,0,35.494,-74.545,,,58,,401677663,-122
ZcTag029,102465,Mk10,DS,9,0,3,20,16,2014-05-15 15:09:00,MA,1,35.5333,-74.6501,37.2039,-82.9015,56,,401677688,-117
ZcTag029,102465,Mk10,DS,9,0,3,20,16,2014-05-15 15:09:00,A,1,35.533,-74.65,,,56,,401677689,-117
ZcTag029,102465,Mk10,DS,2,0,1,18,18,2014-05-15 16:20:52,NL,B,35.5205,-75.0254,43.1325,-113.1734,,,401677688,-134
ZcTag029,102465,Mk10,DS,2,0,1,18,18,2014-05-15 16:20:52,L,B,35.521,-75.025,,,,,401677689,-134
ZcTag029,102465,Mk10,DS,5,0,5,23,14,2014-05-16 01:47:02,MB,0,35.7171,-74.3329,37.68,-64.6596,58,,401677673,-127
ZcTag029,102465,Mk10,DS,5,0,5,23,14,2014-05-16 01:47:02,B,0,35.717,-74.333,,,58,,401677674,-127
ZcTag029,102465,Mk10,DS,1,0,1,,,2014-05-16 03:39:21,NL,,,,,,,,401677688,-137
ZcTag029,102465,Mk10,DS,1,0,1,,,2014-05-16 03:39:21,L,,,,,,,,,
ZcTag029,102465,Mk10,DS,3,0,2,37,17,2014-05-16 07:48:01,NP,A,35.6437,-74.6509,38.6495,-89.5058,,,401677668,-127
ZcTag029,102465,Mk10,DS,3,0,2,37,17,2014-05-16 07:48:01,P,A,35.644,-74.651,,,,,401677668,-127
ZcTag029,102465,Mk10,DS,4,0,4,94,18,2014-05-16 08:59:27,NN,1,35.6409,-74.5686,32.3252,-58.7869,60,,401677688,-124
ZcTag029,102465,Mk10,DS,4,0,4,94,18,2014-05-16 08:59:27,N,1,35.641,-74.569,,,60,,401677656,-124
ZcTag029,102465,Mk10,DS,3,0,2,19,18,2014-05-16 09:35:33,NK,Z,36.0918,-73.7497,31.8235,-52.7289,30,,401677610,-136
ZcTag029,102465,Mk10,DS,3,0,2,19,18,2014-05-16 09:35:53,K,,,,,,,,,-136
ZcTag029,102465,Mk10,DS,2,0,1,62,62,2014-05-16 10:19:39,SR,B,35.6217,-75.043,36.8061,-68.0797,,,401677688,-134
ZcTag029,102465,Mk10,DS,2,0,1,62,62,2014-05-16 10:19:39,R,B,35.622,-75.043,,,,,401677689,-134
ZcTag029,102465,Mk10,DS,7,0,5,28,16,2014-05-16 10:39:50,NN,0,35.6057,-74.5416,42.1385,-106.817,50,,401677672,-128
ZcTag029,102465,Mk10,DS,7,0,5,28,16,2014-05-16 10:39:50,N,0,35.606,-74.542,,,50,,401677645,-127
ZcTag029,102465,Mk10,DS,6,0,5,43,17,2014-05-16 19:13:39,NP,0,35.6376,-74.7094,30.9626,-96.5434,50,,401677665,-126
ZcTag029,102465,Mk10,DS,6,0,5,43,17,2014-05-16 19:13:39,P,0,35.638,-74.709,,,50,,401677666,-126
ZcTag029,102465,Mk10,DS,8,0,4,29,16,2014-05-16 20:15:12,NN,0,35.5403,-74.7017,37.114,-66.7911,50,,401677673,-127
ZcTag029,102465,Mk10,DS,8,0,4,29,16,2014-05-16 20:15:12,N,0,35.54,-74.702,,,50,,401677673,-127
ZcTag029,102465,Mk10,DS,2,0,1,141,141,2014-05-16 21:58:15,NN,B,35.5737,-74.6186,27.086,-114.5794,,,401677688,-130
ZcTag029,102465,Mk10,DS,2,0,1,141,141,2014-05-16 21:58:15,N,B,35.574,-74.619,,,,,401677668,-130
ZcTag029,102465,Mk10,DS,11,0,9,38,17,2014-05-16 22:37:41,NK,1,35.607,-74.7271,29.7307,-103.1889,50,,401677667,-124
ZcTag029,102465,Mk10,DS,15,0,13,31,17,2014-05-16 22:38:08,SR,1,35.6269,-74.6656,30.7996,-51.135,56,,401677662,-125
ZcTag029,102465,Mk10,DS,11,0,9,38,17,2014-05-16 22:34:27,K,,,,,,,,,-124
ZcTag029,102465,Mk10,DS,15,0,13,31,17,2014-05-16 22:38:08,R,1,35.627,-74.666,,,56,,401677662,-125
ZcTag029,102465,Mk10,DS,6,0,5,22,16,2014-05-17 00:19:22,SR,0,35.6334,-74.7179,40.2647,-98.7446,58,,401677662,-123
ZcTag029,102465,Mk10,DS,6,0,5,22,16,2014-05-17 00:19:22,R,0,35.633,-74.718,,,58,,401677663,-123
ZcTag029,102465,Mk10,DS,2,0,1,18,18,2014-05-17 01:25:18,MB,B,35.6872,-74.5302,39.69,-55.1941,,,401677667,-129
ZcTag029,102465,Mk10,DS,2,0,1,18,18,2014-05-17 01:25:18,B,B,35.687,-74.53,,,,,401677668,-129
ZcTag029,102465,Mk10,DS,1,0,1,,,2014-05-17 03:24:24,NL,,,,,,,,401677667,-137
ZcTag029,102465,Mk10,DS,1,0,1,,,2014-05-17 03:24:24,L,,,,,,,,,
ZcTag029,102465,Mk10,DS,3,0,1,17,16,2014-05-17 07:28:10,NP,Z,10.0006,-57.9184,21.8248,-118.4409,30,,401679357,-133
ZcTag029,102465,Mk10,DS,3,0,1,17,16,2014-05-17 07:28:09,P,,,,,,,,,-133
ZcTag029,102465,Mk10,DS,6,0,3,19,15,2014-05-17 09:57:32,SR,0,35.5042,-74.8893,39.9667,-52.308,68,,401677608,-129
ZcTag029,102465,Mk10,DS,6,0,3,19,15,2014-05-17 09:57:32,R,0,35.504,-74.889,,,68,,401677609,-129
ZcTag029,102465,Mk10,DS,7,0,3,22,16,2014-05-17 10:21:24,NN,0,35.6708,-74.3005,41.4953,-101.8282,58,,401677691,-130
ZcTag029,102465,Mk10,DS,7,0,3,22,16,2014-05-17 10:21:24,N,0,35.671,-74.3,,,58,,401677691,-130
ZcTag029,102465,Mk10,DS,4,0,4,23,14,2014-05-17 10:52:19,NK,Z,35.2592,-73.7638,38.3171,-88.8555,30,,401677726,-127
ZcTag029,102465,Mk10,DS,4,0,4,23,14,2014-05-17 10:52:55,K,,,,,,,,,-127
ZcTag029,102465,Mk10,DS,8,0,6,35,15,2014-05-17 14:08:10,NL,0,35.772,-74.6451,31.3976,-54.2961,50,,401677672,-130
ZcTag029,102465,Mk10,DS,8,0,6,35,15,2014-05-17 14:08:10,L,0,35.772,-74.645,,,50,,401677672,-130
ZcTag029,102465,Mk10,DS,6,0,5,35,16,2014-05-17 15:19:40,MB,0,35.7154,-74.4563,38.5149,-88.2426,50,,401677671,-130
ZcTag029,102465,Mk10,DS,6,0,5,35,16,2014-05-17 15:19:40,B,0,35.715,-74.456,,,50,,401677671,-130
ZcTag029,102465,Mk10,DS,7,0,5,32,18,2014-05-17 16:04:18,MA,0,35.7561,-74.4134,43.3318,-111.5388,50,,401677679,-126
ZcTag029,102465,Mk10,DS,7,0,5,32,18,2014-05-17 16:04:18,A,0,35.756,-74.413,,,50,,401677680,-126
ZcTag029,102465,Mk10,DS,10,0,3,19,16,2014-05-17 20:07:57,NN,1,35.6997,-74.5518,38.4293,-61.383,50,,401677655,-125
ZcTag029,102465,Mk10,DS,10,0,3,19,16,2014-05-17 20:07:57,N,1,35.7,-74.552,,,50,,401677655,-125
ZcTag029,102465,Mk10,DS,2,0,1,21,21,2014-05-17 20:29:50,NK,B,35.6638,-74.5805,41.4953,-44.3646,,,401677655,-134
ZcTag029,102465,Mk10,DS,2,0,1,21,21,2014-05-17 20:29:50,K,B,35.664,-74.58,,,,,401677656,-134
ZcTag029,102465,Mk10,DS,2,0,2,30,30,2014-05-17 23:40:47,SR,B,35.8838,-74.4816,38.4456,-81.925,,,401677655,-137
ZcTag029,102465,Mk10,DS,2,0,2,30,30,2014-05-17 23:41:03,R,,,,,,,,,-137
ZcTag029,102465,Mk10,DS,6,0,3,25,16,2014-05-17 23:55:58,NL,0,35.7397,-74.4931,48.0291,-13.242,58,,401677541,-134
ZcTag029,102465,Mk10,DS,6,0,3,25,16,2014-05-17 23:55:58,L,0,35.74,-74.493,,,58,,401677541,-134
ZcTag029,102465,Mk10,DS,2,0,2,16,16,2014-05-18 01:24:22,SR,B,35.7784,-74.6849,46.508,-131.3556,,,401677655,-137
ZcTag029,102465,Mk10,DS,2,0,2,16,16,2014-05-18 01:24:22,R,B,35.778,-74.685,,,,,401677656,-137
ZcTag029,102465,Mk10,DS,7,0,2,18,16,2014-05-18 01:36:32,NL,0,35.6962,-74.5964,38.4773,-61.4317,57,,401677655,-124
ZcTag029,102465,Mk10,DS,7,0,2,18,16,2014-05-18 01:36:32,L,0,35.696,-74.596,,,57,,401677635,-124
ZcTag029,102465,Mk10,DS,7,0,4,19,18,2014-05-18 01:49:49,MA,1,35.6941,-74.6097,37.0879,-67.8461,68,,401677637,-114
ZcTag029,102465,Mk10,DS,7,0,4,19,18,2014-05-18 01:49:49,A,1,35.694,-74.61,,,68,,401677638,-114
ZcTag029,102465,Mk10,DS,1,0,1,,,2014-05-18 03:19:31,NL,,,,,,,,401677655,-134
ZcTag029,102465,Mk10,DS,1,0,1,,,2014-05-18 03:19:31,L,,,,,,,,,
ZcTag029,102465,Mk10,DS,4,0,0,25,18,2014-05-18 07:19:50,NP,Z,35.4481,-74.0007,36.6752,-80.1554,30,,401677670,-124
ZcTag029,102465,Mk10,DS,4,0,0,25,18,2014-05-18 07:19:31,P,,,,,,,,,-124
ZcTag029,102465,Mk10,DS,7,0,5,37,16,2014-05-18 08:34:07,NN,1,35.7209,-74.6071,29.9538,-47.7593,56,,401677647,-129
ZcTag029,102465,Mk10,DS,7,0,5,37,16,2014-05-18 08:34:07,N,1,35.721,-74.607,,,56,,401677647,-129
ZcTag029,102465,Mk10,DS,4,0,2,17,15,2014-05-18 10:16:58,NN,,,,,,,,401677651,-124
ZcTag029,102465,Mk10,DS,4,0,2,17,15,2014-05-18 10:16:31,N,0,35.712,-74.743,,,68,,401677655,-124
ZcTag029,102465,Mk10,DS,1,0,0,,,2014-05-18 10:36:24,NK,,,,,,,,401677651,-134
ZcTag029,102465,Mk10,DS,1,0,0,,,2014-05-18 10:36:24,K,,,,,,,,,
ZcTag029,102465,Mk10,DS,6,0,2,22,17,2014-05-18 10:57:43,SR,0,35.7039,-74.6403,33.5349,-85.6361,68,,401677662,-124
ZcTag029,102465,Mk10,DS,6,0,2,22,17,2014-05-18 10:57:43,R,0,35.704,-74.64,,,68,,401677662,-124
ZcTag029,102465,Mk10,DS,2,0,2,22,22,2014-05-18 13:57:15,NL,B,35.7074,-74.6794,29.865,-47.7046,,,401677651,-128
ZcTag029,102465,Mk10,DS,2,0,2,22,22,2014-05-18 13:57:15,L,B,35.707,-74.679,,,,,401677651,-128
ZcTag029,102465,Mk10,DS,6,0,3,19,15,2014-05-18 15:46:40,MA,0,35.6901,-74.7615,41.0464,-100.909,58,,401677654,-120
ZcTag029,102465,Mk10,DS,6,0,3,19,15,2014-05-18 15:46:40,A,0,35.69,-74.762,,,58,,401677654,-120
ZcTag029,102465,Mk10,DS,1,0,0,,,2014-05-18 20:13:22,NK,,,,,,,,401677651,-134
ZcTag029,102465,Mk10,DS,1,0,0,,,2014-05-18 20:13:22,K,,,,,,,,,
ZcTag029,102465,Mk10,DS,1,0,1,,,2014-05-18 23:44:09,NL,,,,,,,,401677651,-137
ZcTag029,102465,Mk10,DS,1,0,1,,,2014-05-18 23:44:09,L,,,,,,,,,
ZcTag029,102465,Mk10,DS,4,0,4,26,18,2014-05-19 00:51:38,SR,0,35.7266,-75.2021,43.9475,-116.1959,54,,401677547,-134
ZcTag029,102465,Mk10,DS,4,0,4,26,18,2014-05-19 00:52:17,R,,,,,,,,,-134
ZcTag029,102465,Mk10,DS,3,0,3,307,21,2014-05-19 01:23:14,NL,A,35.6076,-74.7247,39.1712,-55.9777,,,401677651,-129
ZcTag029,102465,Mk10,DS,3,0,3,307,21,2014-05-19 01:23:14,L,A,35.608,-74.725,,,,,401677629,-129
ZcTag029,102465,Mk10,DS,6,0,5,23,16,2014-05-19 01:28:42,MA,1,35.6344,-74.7675,39.1198,-57.825,66,,401677621,-116
ZcTag029,102465,Mk10,DS,6,0,5,23,16,2014-05-19 01:27:45,A,,,,,,,,,-116
ZcTag029,102465,Mk10,DS,7,0,5,38,15,2014-05-19 03:02:18,NL,1,35.5854,-74.7738,29.6327,-103.2602,50,,401677653,-126
ZcTag029,102465,Mk10,DS,7,0,5,38,15,2014-05-19 03:04:14,L,,,,,,,,,-126
ZcTag029,102465,Mk10,DS,1,0,1,,,2014-05-19 03:04:14,MA,,,,,,,,401677653,-129
ZcTag029,102465,Mk10,DS,1,0,1,,,2014-05-19 03:04:14,A,,,,,,,,,
ZcTag029,102465,Mk10,DS,8,0,6,38,17,2014-05-19 07:09:05,NP,Z,35.7384,-75.2945,35.2925,-73.1663,30,,401677642,-127
ZcTag029,102465,Mk10,DS,8,0,6,38,17,2014-05-19 07:06:52,P,,,,,,,,,-120
ZcTag029,102465,Mk10,DS,5,0,5,21,16,2014-05-19 08:26:42,NN,0,35.6553,-74.9113,28.7291,-42.077,58,,401677603,-132
ZcTag029,102465,Mk10,DS,5,0,5,21,16,2014-05-19 08:26:42,N,0,35.655,-74.911,,,58,,401677630,-132
ZcTag029,102465,Mk10,DS,4,0,4,41,29,2014-05-19 10:03:24,NN,2,38.9205,-90.0239,35.7183,-74.7582,68,,401677656,-122
ZcTag029,102465,Mk10,DS,7,0,7,24,15,2014-05-19 10:03:35,NK,0,35.7598,-74.5886,33.645,-64.2869,56,,401677641,-122
ZcTag029,102465,Mk10,DS,4,0,4,41,29,2014-05-19 10:02:22,N,,,,,,,,,-122
ZcTag029,102465,Mk10,DS,7,0,7,24,15,2014-05-19 10:04:27,K,,,,,,,,,-122
ZcTag029,102465,Mk10,DS,10,0,9,50,18,2014-05-19 13:46:45,NL,1,35.6962,-74.6862,28.7019,-42.1596,58,,401677645,-128
ZcTag029,102465,Mk10,DS,12,0,10,41,17,2014-05-19 13:48:27,MA,1,35.6705,-74.6916,29.1961,-43.1802,56,,401677632,-121
ZcTag029,102465,Mk10,DS,10,0,9,50,18,2014-05-19 13:46:45,L,1,35.696,-74.686,,,58,,401677633,-128
ZcTag029,102465,Mk10,DS,12,0,10,41,17,2014-05-19 13:48:27,A,1,35.67,-74.692,,,56,,401677632,-121
ZcTag029,102465,Mk10,DS,9,0,7,43,15,2014-05-19 19:46:14,NN,2,35.6997,-74.7029,40.7607,-50.4972,58,,401677635,-128
ZcTag029,102465,Mk10,DS,9,0,7,43,15,2014-05-19 19:46:14,N,2,35.7,-74.703,,,58,,401677635,-128
ZcTag029,102465,Mk10,DS,5,0,4,54,27,2014-05-19 19:45:41,NK,0,35.758,-74.6774,46.4787,-20.2055,56,,401677624,-134
ZcTag029,102465,Mk10,DS,5,0,4,54,27,2014-05-19 19:45:41,K,0,35.758,-74.677,,,56,,401677625,-134
ZcTag029,102465,Mk10,DS,3,0,1,34,18,2014-05-19 21:23:09,NK,A,35.6839,-74.7207,37.0495,-67.8987,8,,401677641,-129
ZcTag029,102465,Mk10,DS,3,0,1,34,18,2014-05-19 21:23:09,K,A,35.684,-74.721,,,8,,401677641,-129
ZcTag029,102465,Mk10,DS,1,0,0,,,2014-05-19 21:23:44,NN,,,,,,,,401677635,-131
ZcTag029,102465,Mk10,DS,1,0,0,,,2014-05-19 21:23:44,N,,,,,,,,,
ZcTag029,102465,Mk10,DS,3,0,3,18,16,2014-05-19 22:37:53,SR,Z,36.6994,-72.8029,33.3847,-55.478,30,,401677523,-137
ZcTag029,102465,Mk10,DS,3,0,3,18,16,2014-05-19 22:37:36,R,,,,,,,,,-137
ZcTag029,102465,Mk10,DS,8,0,4,19,15,2014-05-20 02:01:19,MB,1,35.5995,-74.732,36.0139,-72.7006,68,,401677623,-123
ZcTag029,102465,Mk10,DS,8,0,4,19,15,2014-05-20 02:01:19,B,1,35.599,-74.732,,,68,,401677623,-123
ZcTag029,102465,Mk10,DS,7,0,4,18,16,2014-05-20 06:57:29,NP,B,35.6547,-74.4635,33.6462,-67.5551,,,401677657,-121
ZcTag029,102465,Mk10,DS,7,0,4,18,16,2014-05-20 06:57:29,P,B,35.655,-74.463,,,,,401677658,-121
ZcTag029,102465,Mk10,DS,3,0,3,33,15,2014-05-20 08:09:59,NN,A,35.8817,-75.0024,27.4491,-36.6009,,,401677774,-134
ZcTag029,102465,Mk10,DS,3,0,3,33,15,2014-05-20 08:09:59,N,A,35.882,-75.002,,,,,401677774,-134
ZcTag029,102465,Mk10,DS,5,0,3,22,16,2014-05-20 08:44:18,NP,0,35.6863,-74.8634,43.8566,-116.3939,60,,401677644,-132
ZcTag029,102465,Mk10,DS,5,0,3,22,16,2014-05-20 08:44:18,P,0,35.686,-74.863,,,60,,401677644,-132
ZcTag029,102465,Mk10,DS,2,0,2,19,19,2014-05-20 09:47:19,NK,B,35.826,-74.8801,31.2611,-51.5406,,,401677635,-133
ZcTag029,102465,Mk10,DS,2,0,2,19,19,2014-05-20 09:47:19,K,B,35.826,-74.88,,,,,401677635,-133
ZcTag029,102465,Mk10,DS,8,0,6,33,16,2014-05-20 09:49:27,NN,1,35.6685,-74.683,37.8444,-84.8189,50,,401677648,-122
ZcTag029,102465,Mk10,DS,8,0,6,33,16,2014-05-20 09:49:27,N,1,35.668,-74.683,,,50,,401677649,-122
ZcTag029,102465,Mk10,DS,1,0,0,,,2014-05-20 11:30:17,NN,,,,,,,,401677635,-137
ZcTag029,102465,Mk10,DS,1,0,0,,,2014-05-20 11:30:17,N,,,,,,,,,
ZcTag029,102465,Mk10,DS,5,0,3,26,17,2014-05-20 15:14:39,NL,0,35.6897,-74.6985,37.6813,-84.1422,50,,401677647,-120
ZcTag029,102465,Mk10,DS,5,0,3,26,17,2014-05-20 15:14:39,L,0,35.69,-74.699,,,50,,401677648,-120
ZcTag029,102465,Mk10,DS,4,0,3,28,17,2014-05-20 18:21:00,NP,,,,,,,,401677635,-125
ZcTag029,102465,Mk10,DS,4,0,3,28,17,2014-05-20 18:21:00,P,,,,,,,,,
ZcTag029,102465,Mk10,DS,3,0,2,17,17,2014-05-20 22:38:07,NK,B,35.6249,-74.8117,29.6928,-103.7385,,,401677641,-126
ZcTag029,102465,Mk10,DS,3,0,2,17,17,2014-05-20 22:37:58,K,A,35.62,-74.792,,,,,401677641,-126
ZcTag029,102465,Mk10,DS,4,0,4,34,21,2014-05-20 23:54:55,SR,0,35.5894,-74.4498,37.9883,-86.7527,50,,401677600,-123
ZcTag029,102465,Mk10,DS,4,0,4,34,21,2014-05-20 23:54:55,R,0,35.589,-74.45,,,50,,401677601,-123
ZcTag029,102465,Mk10,DS,3,0,3,61,24,2014-05-21 00:44:20,MA,A,35.6623,-74.6957,42.7858,-38.026,,,401677593,-124
ZcTag029,102465,Mk10,DS,3,0,3,61,24,2014-05-21 00:44:20,A,A,35.662,-74.696,,,,,401677593,-124
ZcTag029,102465,Mk10,DS,1,0,1,,,2014-05-21 01:03:44,NL,,,,,,,,401677635,-136
ZcTag029,102465,Mk10,DS,1,0,1,,,2014-05-21 01:03:44,L,,,,,,,,,
ZcTag029,102465,Mk10,DS,4,0,3,18,15,2014-05-21 02:24:49,MA,0,35.5689,-74.8452,33.3769,-85.7025,60,,401677591,-113
ZcTag029,102465,Mk10,DS,4,0,3,18,15,2014-05-21 02:24:49,A,0,35.569,-74.845,,,60,,401677591,-113
ZcTag029,102465,Mk10,DS,1,0,1,,,2014-05-21 02:35:22,NL,,,,,,,,401677635,-127
ZcTag029,102465,Mk10,DS,1,0,1,,,2014-05-21 02:35:22,L,,,,,,,,,
ZcTag029,102465,Mk10,DS,5,0,3,33,16,2014-05-21 06:51:55,NP,0,35.5992,-74.701,33.2083,-63.1151,50,,401677628,-119
ZcTag029,102465,Mk10,DS,5,0,3,33,16,2014-05-21 06:51:55,P,0,35.599,-74.701,,,50,,401677629,-119
ZcTag029,102465,Mk10,DS,6,0,6,40,21,2014-05-21 07:58:27,NN,0,35.6717,-74.7567,26.1112,-31.5074,50,,401677632,-130
ZcTag029,102465,Mk10,DS,6,0,6,40,21,2014-05-21 07:58:27,N,0,35.672,-74.757,,,58,,401677633,-130
ZcTag029,102465,Mk10,DS,4,0,4,22,16,2014-05-21 09:23:38,SR,Z,35.7526,-74.003,41.9803,-41.3488,36,,401677541,-135
ZcTag029,102465,Mk10,DS,4,0,4,22,16,2014-05-21 09:23:35,R,,,,,,,,,-135
ZcTag029,102465,Mk10,DS,8,0,8,37,17,2014-05-21 09:40:41,NN,1,35.6792,-74.7943,36.5996,-79.1357,58,,401677625,-121
ZcTag029,102465,Mk10,DS,8,0,8,37,17,2014-05-21 09:40:41,N,1,35.679,-74.794,,,58,,401677625,-121
ZcTag029,102465,Mk10,DS,5,0,4,35,19,2014-05-21 10:59:30,NK,1,35.6363,-74.7253,38.3117,-88.1838,68,,401677628,-123
ZcTag029,102465,Mk10,DS,5,0,4,35,19,2014-05-21 10:59:30,K,1,35.636,-74.725,,,68,,401677628,-123
ZcTag029,102465,Mk10,DS,1,0,1,,,2014-05-21 11:01:20,SR,,,,,,,,401677636,-136
ZcTag029,102465,Mk10,DS,1,0,1,,,2014-05-21 11:01:20,R,,,,,,,,,
ZcTag029,102465,Mk10,DS,2,0,2,19,19,2014-05-21 11:20:15,NN,B,35.676,-74.7975,46.2413,-127.2352,,,401677636,-136
ZcTag029,102465,Mk10,DS,2,0,2,19,19,2014-05-21 11:20:15,N,B,35.676,-74.797,,,,,401677637,-136
ZcTag029,102465,Mk10,DS,4,0,4,34,16,2014-05-21 13:23:06,NL,,,,,,,,401677636,-130
ZcTag029,102465,Mk10,DS,4,0,4,34,16,2014-05-21 13:23:56,L,0,35.527,-74.769,,,68,,401677604,-130
ZcTag029,102465,Mk10,DS,4,0,3,23,15,2014-05-21 13:58:42,MB,,,,,,,,401677636,-135
ZcTag029,102465,Mk10,DS,4,0,3,23,15,2014-05-21 13:58:07,B,0,35.635,-74.957,,,68,,401677683,-133
ZcTag029,102465,Mk10,DS,6,0,5,62,22,2014-05-21 14:59:49,NL,0,35.5062,-74.5312,36.3823,-78.6788,58,,401677643,-124
ZcTag029,102465,Mk10,DS,6,0,5,62,22,2014-05-21 14:59:49,L,0,35.506,-74.531,,,58,,401677634,-124
ZcTag029,102465,Mk10,DS,4,0,3,43,18,2014-05-21 16:27:32,MA,0,35.4693,-74.7848,44.0549,-119.2855,68,,401677584,-126
ZcTag029,102465,Mk10,DS,4,0,3,43,18,2014-05-21 16:27:32,A,0,35.469,-74.785,,,68,,401677585,-126
ZcTag029,102465,Mk10,DS,1,0,1,,,2014-05-21 19:58:57,NP,,,,,,,,401677636,-137
ZcTag029,102465,Mk10,DS,1,0,1,,,2014-05-21 19:58:57,P,,,,,,,,,
ZcTag029,102465,Mk10,DS,2,0,2,42,42,2014-05-21 21:00:16,NN,B,35.3788,-74.8412,32.8884,-87.5023,,,401677636,-129
ZcTag029,102465,Mk10,DS,2,0,2,42,42,2014-05-21 21:00:16,N,B,35.379,-74.841,,,,,401677614,-129
ZcTag029,102465,Mk10,DS,1,0,1,,,2014-05-21 21:42:23,SR,,,,,,,,401677636,-137
ZcTag029,102465,Mk10,DS,1,0,1,,,2014-05-21 21:42:23,R,,,,,,,,,
ZcTag029,102465,Mk10,DS,3,0,3,52,37,2014-05-22 00:44:10,NL,A,35.5181,-74.7178,42.9355,-37.4547,,,401677640,-131
ZcTag029,102465,Mk10,DS,3,0,3,52,37,2014-05-22 00:44:10,L,A,35.518,-74.718,,,,,401677641,-131
ZcTag029,102465,Mk10,DS,1,0,1,,,2014-05-22 01:04:15,SR,,,,,,,,401677636,-137
ZcTag029,102465,Mk10,DS,1,0,1,,,2014-05-22 01:04:15,R,,,,,,,,,
ZcTag029,102465,Mk10,DS,5,0,4,87,17,2014-05-22 01:19:08,MB,2,35.5501,-74.7541,39.8841,-53.0434,60,,401677613,-132
ZcTag029,102465,Mk10,DS,5,0,4,87,17,2014-05-22 01:19:08,B,2,35.55,-74.754,,,60,,401677614,-132
ZcTag029,102465,Mk10,DS,6,0,6,94,22,2014-05-22 02:25:36,NL,0,35.5417,-74.6789,33.0708,-85.8204,58,,401677618,-131
ZcTag029,102465,Mk10,DS,6,0,6,94,22,2014-05-22 02:25:36,L,0,35.542,-74.679,,,58,,401677618,-131
ZcTag029,102465,Mk10,DS,5,0,5,87,15,2014-05-22 07:47:43,NN,1,35.5575,-74.6287,24.9022,-26.093,66,,401677622,-134
ZcTag029,102465,Mk10,DS,5,0,5,87,15,2014-05-22 07:47:43,N,1,35.558,-74.629,,,66,,401677619,-134
ZcTag029,102465,Mk10,DS,3,0,3,44,38,2014-05-22 08:54:39,NK,A,35.4953,-74.6766,26.093,-28.8817,8,,401677609,-136
ZcTag029,102465,Mk10,DS,6,0,4,53,25,2014-05-22 08:56:09,SR,0,35.5668,-74.6266,44.9998,-25.8152,58,,401677627,-134
ZcTag029,102465,Mk10,DS,3,0,3,44,38,2014-05-22 08:54:39,K,A,35.495,-74.677,,,8,,401677610,-136
ZcTag029,102465,Mk10,DS,6,0,4,53,25,2014-05-22 08:56:09,R,0,35.567,-74.627,,,58,,401677628,-134
ZcTag029,102465,Mk10,DS,2,0,2,65,65,2014-05-22 09:24:35,NN,,,,,,,,401677619,-131
ZcTag029,102465,Mk10,DS,2,0,2,65,65,2014-05-22 09:24:35,N,,,,,,,,,
ZcTag029,102465,Mk10,DS,8,0,6,32,15,2014-05-22 10:32:54,NK,,,,,,,,401677619,-128
ZcTag029,102465,Mk10,DS,8,0,6,32,15,2014-05-22 10:32:54,K,,,,,,,,,
ZcTag029,102465,Mk10,DS,9,0,7,25,15,2014-05-22 10:32:54,SR,,,,,,,,401677619,-121
ZcTag029,102465,Mk10,DS,9,0,7,25,15,2014-05-22 10:32:54,R,,,,,,,,,
ZcTag029,102465,Mk10,DS,1,0,1,,,2014-05-22 16:02:19,MA,,,,,,,,401677619,-132
ZcTag029,102465,Mk10,DS,1,0,1,,,2014-05-22 16:02:19,A,,,,,,,,,
ZcTag029,102465,Mk10,DS,1,0,0,,,2014-05-22 19:16:29,NN,,,,,,,,401677619,-136
ZcTag029,102465,Mk10,DS,1,0,0,,,2014-05-22 19:16:29,N,,,,,,,,,
ZcTag029,102465,Mk10,DS,2,0,0,32,32,2014-05-22 20:09:12,NK,B,35.6368,-74.6983,43.8798,-32.6994,,,401677624,-131
ZcTag029,102465,Mk10,DS,2,0,0,32,32,2014-05-22 20:09:12,K,B,35.637,-74.698,,,,,401677624,-131
ZcTag029,102465,Mk10,DS,10,0,10,20,14,2014-05-22 20:53:45,NN,,,,,,,,401677619,-120
ZcTag029,102465,Mk10,DS,10,0,10,20,14,2014-05-22 20:53:54,N,2,35.648,-74.775,,,50,,401677624,-120
ZcTag029,102465,Mk10,DS,6,0,4,18,15,2014-05-22 22:45:20,SR,0,35.6826,-74.8176,32.07,-56.8507,68,,401677642,-130
ZcTag029,102465,Mk10,DS,6,0,4,18,15,2014-05-22 22:45:20,R,0,35.683,-74.818,,,68,,401677643,-130
ZcTag029,102465,Mk10,DS,6,0,5,25,14,2014-05-23 01:42:24,MA,,,,,,,,401677624,-120
ZcTag029,102465,Mk10,DS,6,0,5,25,14,2014-05-23 01:43:26,A,1,35.615,-74.721,,,58,,401677630,-118
ZcTag029,102465,Mk10,DS,2,0,1,16,16,2014-05-23 02:19:31,NL,B,35.8403,-75.5336,,,,,401677624,-131
ZcTag029,102465,Mk10,DS,2,0,1,16,16,2014-05-23 02:19:31,L,B,35.84,-75.534,,,,,401677613,-131
ZcTag029,102465,Mk10,DS,9,0,6,42,14,2014-05-23 03:25:41,MA,1,35.6064,-74.8123,27.3667,-113.7798,58,,401677150,-128
ZcTag029,102465,Mk10,DS,9,0,6,42,14,2014-05-23 03:25:41,A,1,35.606,-74.812,,,58,,401677613,-125
ZcTag029,102465,Mk10,DS,2,0,2,68,68,2014-05-23 03:53:11,NL,B,35.5827,-74.8066,24.5986,-127.4472,,,401677613,-134
ZcTag029,102465,Mk10,DS,2,0,2,68,68,2014-05-23 03:52:38,L,,,,,,,,,-134
ZcTag029,102465,Mk10,DS,3,0,3,21,19,2014-05-23 06:32:30,NP,Z,35.039,-73.6599,30.9399,-53.7648,30,,401677759,-132
ZcTag029,102465,Mk10,DS,3,0,3,21,19,2014-05-23 06:32:09,P,,,,,,,,,-132
ZcTag029,102465,Mk10,DS,5,0,0,163,18,2014-05-23 08:09:03,NP,0,35.4944,-74.7423,,,56,,401677613,-134
ZcTag029,102465,Mk10,DS,5,0,0,163,18,2014-05-23 08:09:03,P,0,35.494,-74.742,,,56,,401677619,-132
ZcTag029,102465,Mk10,DS,3,0,1,26,17,2014-05-23 09:12:42,NN,Z,38.1291,-80.4529,37.4612,-77.0303,30,,401677594,-131
ZcTag029,102465,Mk10,DS,3,0,1,26,17,2014-05-23 09:13:09,N,,,,,,,,,-131
ZcTag029,102465,Mk10,DS,2,0,2,48,48,2014-05-23 11:02:46,NN,B,35.5115,-74.8621,43.7877,-115.8911,,,401677626,-137
ZcTag029,102465,Mk10,DS,2,0,2,48,48,2014-05-23 11:02:46,N,B,35.512,-74.862,,,,,401677626,-137
ZcTag029,102465,Mk10,DS,1,0,1,,,2014-05-23 11:46:52,SR,,,,,,,,401677626,-135
ZcTag029,102465,Mk10,DS,6,0,5,30,17,2014-05-23 11:48:09,NK,1,35.5223,-74.7868,43.0054,-112.29,68,,401677618,-129
ZcTag029,102465,Mk10,DS,1,0,1,,,2014-05-23 11:46:52,R,,,,,,,,,
ZcTag029,102465,Mk10,DS,6,0,5,30,17,2014-05-23 11:48:09,K,1,35.522,-74.787,,,68,,401677618,-129
ZcTag029,102465,Mk10,DS,5,0,2,70,18,2014-05-23 14:41:46,NL,0,35.4917,-74.8478,33.7494,-66.4339,58,,401677626,-127
ZcTag029,102465,Mk10,DS,5,0,2,70,18,2014-05-23 14:41:46,L,0,35.492,-74.848,,,58,,401677608,-127
ZcTag029,102465,Mk10,DS,2,0,2,17,17,2014-05-23 15:50:34,MA,B,35.3839,-74.8506,39.8133,-98.7032,,,401677618,-135
ZcTag029,102465,Mk10,DS,2,0,2,17,17,2014-05-23 15:50:34,A,B,35.384,-74.851,,,,,401677618,-135
ZcTag029,102465,Mk10,DS,5,0,4,20,17,2014-05-23 19:35:40,NP,0,35.514,-74.8033,28.3664,-107.5868,58,,401677609,-132
ZcTag029,102465,Mk10,DS,5,0,4,20,17,2014-05-23 19:35:40,P,0,35.514,-74.803,,,58,,401677609,-132
ZcTag029,102465,Mk10,DS,7,0,2,32,17,2014-05-23 21:27:23,NK,1,35.48,-74.8027,36.8142,-68.3682,58,,401677610,-122
ZcTag029,102465,Mk10,DS,7,0,2,32,17,2014-05-23 21:27:23,K,1,35.48,-74.803,,,58,,401677611,-122
ZcTag029,102465,Mk10,DS,5,0,3,27,18,2014-05-23 23:06:19,NK,0,35.4108,-74.8451,26.79,-115.9154,68,,401677643,-132
ZcTag029,102465,Mk10,DS,5,0,3,27,18,2014-05-23 23:06:19,K,0,35.411,-74.845,,,68,,401677644,-132
ZcTag029,102465,Mk10,DS,7,0,6,38,16,2014-05-24 01:21:04,MA,0,35.4328,-74.8371,39.1676,-55.9471,58,,401677576,-127
ZcTag029,102465,Mk10,DS,7,0,6,38,16,2014-05-24 01:21:04,A,0,35.433,-74.837,,,58,,401677612,-125
ZcTag029,102465,Mk10,DS,5,0,4,32,16,2014-05-24 02:18:11,MB,2,35.4558,-74.8179,34.2409,-80.7988,68,,401677614,-122
ZcTag029,102465,Mk10,DS,5,0,4,32,16,2014-05-24 02:18:11,B,2,35.456,-74.818,,,68,,401677614,-122
ZcTag029,102465,Mk10,DS,1,0,1,,,2014-05-24 09:48:10,NK,,,,,,,,401677614,-134
ZcTag029,102465,Mk10,DS,1,0,1,,,2014-05-24 09:48:10,K,,,,,,,,,
ZcTag029,102465,Mk10,DS,6,0,5,22,17,2014-05-24 14:22:28,NL,0,35.4197,-75.1461,32.3341,-60.5745,50,,401677660,-128
ZcTag029,102465,Mk10,DS,6,0,5,22,17,2014-05-24 14:22:28,L,0,35.42,-75.146,,,50,,401677661,-128
ZcTag029,102465,Mk10,DS,2,0,2,56,56,2014-05-24 14:43:17,MB,B,35.4669,-74.7952,33.8962,-65.9105,,,401677614,-131
ZcTag029,102465,Mk10,DS,2,0,2,56,56,2014-05-24 14:43:17,B,B,35.467,-74.795,,,,,401677615,-131
ZcTag029,102465,Mk10,DS,7,0,5,24,15,2014-05-24 20:33:15,NN,Z,35.3797,-74.9178,36.3605,-70.2655,30,,401677600,-124
ZcTag029,102465,Mk10,DS,7,0,5,24,15,2014-05-24 20:32:33,N,,,,,,,,,-124
ZcTag029,102465,Mk10,DS,8,0,6,36,15,2014-05-24 23:28:17,SR,,,,,,,,401677614,-120
ZcTag029,102465,Mk10,DS,8,0,6,36,15,2014-05-24 23:32:15,R,,,,,,,,,
ZcTag029,102465,Mk10,DS,3,0,3,31,17,2014-05-25 00:59:24,MA,Z,40.659,-47.2977,35.5261,-73.5319,30,,401677520,-128
ZcTag029,102465,Mk10,DS,3,0,3,31,17,2014-05-25 00:58:54,A,,,,,,,,,-128
ZcTag029,102465,Mk10,DS,6,0,6,31,19,2014-05-25 01:49:10,NL,2,35.4633,-74.6715,36.8788,-67.8719,50,,401677594,-122
ZcTag029,102465,Mk10,DS,6,0,6,31,19,2014-05-25 01:50:29,L,,,,,,,,,-122
ZcTag029,102465,Mk10,DS,2,0,2,35,35,2014-05-25 03:27:35,NL,B,35.46,-74.8881,26.9233,-115.5623,,,401677594,-136
ZcTag029,102465,Mk10,DS,2,0,2,35,35,2014-05-25 03:27:35,L,B,35.461,-74.889,,,,,401677594,-136
ZcTag029,102465,Mk10,DS,3,0,0,25,25,2014-05-25 06:08:22,NP,A,35.3589,-74.9942,28.5053,-41.95,6,,401677474,-132
ZcTag029,102465,Mk10,DS,3,0,0,25,25,2014-05-25 06:08:22,P,A,35.359,-74.994,,,6,,401677474,-132
ZcTag029,102465,Mk10,DS,3,0,3,56,33,2014-05-25 07:50:36,NP,A,35.4997,-74.5003,38.6894,-90.2859,8,,401677593,-130
ZcTag029,102465,Mk10,DS,3,0,3,56,33,2014-05-25 07:50:36,P,A,35.5,-74.5,,,8,,401677594,-130
ZcTag029,102465,Mk10,DS,4,0,2,29,16,2014-05-25 10:32:00,NN,0,35.6444,-74.6319,42.2793,-105.8901,68,,401677617,-131
ZcTag029,102465,Mk10,DS,4,0,2,29,16,2014-05-25 10:32:00,N,0,35.644,-74.632,,,68,,401677617,-131
ZcTag029,102465,Mk10,DS,3,0,2,17,16,2014-05-25 10:56:47,NK,Z,35.9889,-75.3887,38.5987,-88.1436,38,,401677517,-127
ZcTag029,102465,Mk10,DS,3,0,2,17,16,2014-05-25 10:56:46,K,,,,,,,,,-127
ZcTag029,102465,Mk10,DS,7,0,6,40,14,2014-05-25 14:15:59,NL,1,35.549,-74.6072,31.4339,-54.7859,60,,401677599,-129
ZcTag029,102465,Mk10,DS,7,0,6,40,14,2014-05-25 14:15:59,L,1,35.549,-74.607,,,60,,401677600,-129
ZcTag029,102465,Mk10,DS,1,0,1,,,2014-05-25 14:14:36,MB,,,,,,,,401650000,
ZcTag029,102465,Mk10,DS,1,0,1,,,2014-05-25 14:14:36,B,,,,,,,,,
ZcTag029,102465,Mk10,DS,3,0,2,19,18,2014-05-25 14:57:31,MA,,,,,,,,401677594,-132
ZcTag029,102465,Mk10,DS,3,0,2,19,18,2014-05-25 14:56:53,A,,,,,,,,,
ZcTag029,102465,Mk10,DS,4,0,3,26,18,2014-05-25 19:16:32,NP,Z,35.8256,-75.1011,31.293,-96.7748,30,,401677645,-135
ZcTag029,102465,Mk10,DS,4,0,3,26,18,2014-05-25 19:17:11,P,,,,,,,,,-135
ZcTag029,102465,Mk10,DS,1,0,1,,,2014-05-25 20:42:46,NK,,,,,,,,401677594,-137
ZcTag029,102465,Mk10,DS,1,0,1,,,2014-05-25 20:42:46,K,,,,,,,,,
ZcTag029,102465,Mk10,DS,6,0,4,36,16,2014-05-25 21:58:44,NN,0,35.4806,-74.5993,27.2335,-113.3815,50,,401677647,-130
ZcTag029,102465,Mk10,DS,6,0,4,36,16,2014-05-25 21:58:44,N,0,35.481,-74.599,,,50,,401677647,-130
ZcTag029,102465,Mk10,DS,4,0,2,16,15,2014-05-25 22:56:03,SR,0,35.5295,-74.6563,32.4863,-59.4324,55,,401677576,-125
ZcTag029,102465,Mk10,DS,4,0,2,16,15,2014-05-25 22:56:03,R,0,35.53,-74.656,,,55,,401677576,-125
ZcTag029,102465,Mk10,DS,4,0,1,16,14,2014-05-26 00:32:16,SR,0,35.6065,-74.6475,42.1454,-107.128,58,,401677625,-131
ZcTag029,102465,Mk10,DS,4,0,1,16,14,2014-05-26 00:32:16,R,0,35.606,-74.647,,,58,,401677625,-131
ZcTag029,102465,Mk10,DS,9,0,8,62,19,2014-05-26 02:22:01,MA,0,35.5591,-74.7057,33.5921,-84.295,58,,401677638,-121
ZcTag029,102465,Mk10,DS,9,0,8,62,19,2014-05-26 02:22:01,A,0,35.559,-74.706,,,58,,401677607,-116
ZcTag029,102465,Mk10,DS,6,0,5,51,14,2014-05-26 03:20:18,NL,0,35.637,-74.6645,27.9518,-109.6389,57,,401677595,-130
ZcTag029,102465,Mk10,DS,6,0,5,51,14,2014-05-26 03:20:18,L,0,35.637,-74.665,,,57,,401677595,-130
ZcTag029,102465,Mk10,DS,5,0,5,29,17,2014-05-26 07:30:30,NP,Z,34.9719,-73.9845,37.3623,-86.4326,30,,401677651,-131
ZcTag029,102465,Mk10,DS,5,0,5,29,17,2014-05-26 07:31:29,P,,,,,,,,,-131
ZcTag029,102465,Mk10,DS,7,0,7,20,15,2014-05-26 10:04:56,SR,0,35.5212,-74.7357,38.0481,-61.2518,58,,401677629,-130
ZcTag029,102465,Mk10,DS,7,0,7,20,15,2014-05-26 10:04:56,R,0,35.521,-74.736,,,58,,401677629,-130
ZcTag029,102465,Mk10,DS,2,0,2,71,71,2014-05-26 10:29:14,NK,,,,,,,,401677606,-134
ZcTag029,102465,Mk10,DS,2,0,2,71,71,2014-05-26 10:30:25,K,,,,,,,,,
ZcTag029,102465,Mk10,DS,1,0,1,,,2014-05-26 10:30:56,NN,,,,,,,,401677606,-137
ZcTag029,102465,Mk10,DS,1,0,1,,,2014-05-26 10:30:56,N,,,,,,,,,
ZcTag029,102465,Mk10,DS,4,0,3,23,18,2014-05-26 11:46:52,SR,0,35.5154,-74.5681,28.7362,-108.6499,68,,401677663,-129
ZcTag029,102465,Mk10,DS,4,0,3,23,18,2014-05-26 11:46:52,R,0,35.515,-74.568,,,68,,401677664,-129
ZcTag029,102465,Mk10,DS,2,0,0,17,17,2014-05-26 13:04:02,MA,B,35.5297,-74.5573,24.84,-22.0452,,,401677606,-134
ZcTag029,102465,Mk10,DS,2,0,0,17,17,2014-05-26 13:04:02,A,B,35.53,-74.557,,,,,401677607,-134
ZcTag029,102465,Mk10,DS,8,0,5,18,16,2014-05-26 15:40:06,NL,0,35.5773,-74.7056,,,50,,401677625,-128
ZcTag029,102465,Mk10,DS,7,0,5,18,16,2014-05-26 15:39:03,MB,,,,,,,,401650000,
ZcTag029,102465,Mk10,DS,7,0,5,18,16,2014-05-26 15:40:52,B,,,,,,,,,-127
ZcTag029,102465,Mk10,DS,8,0,5,18,16,2014-05-26 15:40:06,L,0,35.577,-74.706,,,50,,401677628,-127
ZcTag029,102465,Mk10,DS,6,0,4,20,15,2014-05-26 18:55:47,NP,0,35.5835,-74.4235,31.8716,-92.6207,60,,401677642,-131
ZcTag029,102465,Mk10,DS,6,0,4,20,15,2014-05-26 18:55:47,P,0,35.584,-74.423,,,60,,401677642,-131
ZcTag029,102465,Mk10,DS,2,0,2,21,21,2014-05-26 21:50:50,NN,B,35.5247,-74.6467,28.1819,-108.2924,,,401677606,-131
ZcTag029,102465,Mk10,DS,3,0,3,23,21,2014-05-26 21:51:03,NK,A,35.5147,-74.448,34.1751,-81.0774,,,401677661,-121
ZcTag029,102465,Mk10,DS,2,0,2,21,21,2014-05-26 21:50:50,N,B,35.525,-74.647,,,,,401677607,-131
ZcTag029,102465,Mk10,DS,3,0,3,23,21,2014-05-26 21:51:03,K,A,35.515,-74.448,,,,,401677662,-121
ZcTag029,102465,Mk10,DS,1,0,1,,,2014-05-26 23:59:41,SR,,,,,,,,401677606,-134
ZcTag029,102465,Mk10,DS,1,0,1,,,2014-05-26 23:59:41,R,,,,,,,,,
ZcTag029,102465,Mk10,DS,2,0,2,43,43,2014-05-27 00:23:47,MA,B,35.5508,-74.5534,44.9391,-26.795,,,401677606,-132
ZcTag029,102465,Mk10,DS,2,0,2,43,43,2014-05-27 00:23:47,A,B,35.551,-74.553,,,,,401677607,-132
ZcTag029,102465,Mk10,DS,4,0,3,97,16,2014-05-27 01:27:20,NL,2,35.528,-74.5874,39.4579,-56.0877,60,,401677589,-125
ZcTag029,102465,Mk10,DS,4,0,3,97,16,2014-05-27 01:27:20,L,2,35.527,-74.588,,,60,,401677589,-125
ZcTag029,102465,Mk10,DS,3,0,3,48,18,2014-05-27 08:31:12,NN,A,35.6215,-74.4931,29.5723,-47.0399,,,401677593,-128
ZcTag029,102465,Mk10,DS,3,0,3,48,18,2014-05-27 08:31:12,N,A,35.622,-74.493,,,,,401677593,-128
ZcTag029,102465,Mk10,DS,2,0,1,89,89,2014-05-27 09:36:15,SR,,,,,,,,401677606,-137
ZcTag029,102465,Mk10,DS,2,0,1,89,89,2014-05-27 09:35:30,R,B,35.633,-74.514,,,,,401677607,-127
ZcTag029,102465,Mk10,DS,3,0,3,50,44,2014-05-27 11:15:31,SR,A,35.6145,-74.4775,31.7793,-93.842,,,401677609,-128
ZcTag029,102465,Mk10,DS,3,0,3,50,44,2014-05-27 11:15:31,R,A,35.614,-74.478,,,,,401677609,-128
ZcTag029,102465,Mk10,DS,5,0,5,27,16,2014-05-27 16:03:12,MA,0,35.6353,-74.5563,42.1023,-107.7073,60,,401677586,-124
ZcTag029,102465,Mk10,DS,5,0,5,27,16,2014-05-27 16:03:12,A,0,35.635,-74.556,,,60,,401677587,-124
ZcTag029,102465,Mk10,DS,5,0,4,24,17,2014-05-27 18:45:04,NP,0,35.5257,-74.7347,33.0283,-87.0058,60,,401677601,-130
ZcTag029,102465,Mk10,DS,5,0,4,24,17,2014-05-27 18:45:04,P,0,35.526,-74.735,,,60,,401677602,-130
ZcTag029,102465,Mk10,DS,2,0,2,51,51,2014-05-27 19:54:16,NN,B,35.676,-74.463,39.6708,-55.0795,,,401677606,-127
ZcTag029,102465,Mk10,DS,2,0,2,51,51,2014-05-27 19:54:16,N,B,35.676,-74.463,,,,,401677607,-127
ZcTag029,102465,Mk10,DS,7,0,6,32,20,2014-05-27 23:08:05,NK,0,35.6435,-74.6271,26.7522,-116.8773,50,,401677611,-130
ZcTag029,102465,Mk10,DS,7,0,6,32,20,2014-05-27 23:08:05,K,0,35.643,-74.627,,,50,,401677612,-130
ZcTag029,102465,Mk10,DS,2,0,2,34,34,2014-05-28 00:00:51,MA,B,35.7204,-74.4934,46.8403,-16.5565,,,401677606,-134
ZcTag029,102465,Mk10,DS,2,0,2,34,34,2014-05-28 00:00:51,A,B,35.72,-74.493,,,,,401677595,-134
ZcTag029,102465,Mk10,DS,7,0,5,78,19,2014-05-28 01:11:47,NL,2,35.7043,-74.5749,40.6116,-50.5565,50,,401677595,-127
ZcTag029,102465,Mk10,DS,7,0,5,78,19,2014-05-28 01:12:04,L,,,,,,,,,-137
ZcTag029,102465,Mk10,DS,2,0,2,52,52,2014-05-28 01:11:38,SR,B,35.702,-74.5723,45.2542,-124.7449,,,401677595,-137
ZcTag029,102465,Mk10,DS,2,0,2,52,52,2014-05-28 01:11:12,R,,,,,,,,,-137
ZcTag029,102465,Mk10,DS,3,0,2,318,51,2014-05-28 01:41:48,MA,A,35.7297,-74.5531,37.3209,-65.2713,8,,401677595,-126
ZcTag029,102465,Mk10,DS,3,0,2,318,51,2014-05-28 01:41:48,A,A,35.73,-74.553,,,8,,401677600,-126
ZcTag029,102465,Mk10,DS,1,0,1,,,2014-05-28 03:23:02,MA,,,,,,,,401677595,-125
ZcTag029,102465,Mk10,DS,1,0,1,,,2014-05-28 03:23:02,A,,,,,,,,,
ZcTag029,102465,Mk10,DS,1,0,1,,,2014-05-28 08:17:43,NN,,,,,,,,401677595,-133
ZcTag029,102465,Mk10,DS,1,0,1,,,2014-05-28 08:17:43,N,,,,,,,,,
ZcTag029,102465,Mk10,DS,1,0,1,,,2014-05-28 09:40:31,NK,,,,,,,,401677595,-137
ZcTag029,102465,Mk10,DS,1,0,1,,,2014-05-28 09:40:31,K,,,,,,,,,
ZcTag029,102465,Mk10,DS,2,0,2,37,37,2014-05-28 10:04:18,NN,B,35.8337,-74.4235,38.8327,-88.9698,,,401677595,-126
ZcTag029,102465,Mk10,DS,2,0,2,37,37,2014-05-28 10:04:18,N,B,35.834,-74.423,,,,,401677607,-126
ZcTag029,102465,Mk10,DS,7,0,7,54,20,2014-05-28 10:47:25,SR,1,35.8753,-74.4376,34.9087,-79.2208,58,,401677606,-120
ZcTag029,102465,Mk10,DS,7,0,7,54,20,2014-05-28 10:47:25,R,1,35.875,-74.438,,,58,,401677607,-120
ZcTag029,102465,Mk10,DS,3,0,2,39,19,2014-05-28 13:39:54,NL,A,35.8981,-74.4828,28.1083,-37.0045,8,,401677623,-132
ZcTag029,102465,Mk10,DS,3,0,2,39,19,2014-05-28 13:39:54,L,A,35.898,-74.483,,,8,,401677624,-132
ZcTag029,102465,Mk10,DS,3,0,2,22,19,2014-05-28 13:58:40,MA,A,35.8994,-74.6062,30.716,-50.0396,8,,401677633,-125
ZcTag029,102465,Mk10,DS,3,0,2,22,19,2014-05-28 13:58:40,A,A,35.899,-74.606,,,8,,401677634,-125
ZcTag029,102465,Mk10,DS,2,0,1,21,21,2014-05-28 14:55:33,MB,,,,,,,,401677606,-122
ZcTag029,102465,Mk10,DS,2,0,1,21,21,2014-05-28 14:55:33,B,,,,,,,,,
ZcTag029,102465,Mk10,DS,4,0,3,23,14,2014-05-28 15:16:11,NL,0,35.843,-74.5797,38.0064,-84.8346,68,,401677609,-126
ZcTag029,102465,Mk10,DS,4,0,3,23,14,2014-05-28 15:16:11,L,0,35.843,-74.58,,,68,,401677609,-126
ZcTag029,102465,Mk10,DS,1,0,1,,,2014-05-28 15:35:50,MA,,,,,,,,401677606,-133
ZcTag029,102465,Mk10,DS,1,0,1,,,2014-05-28 15:35:50,A,,,,,,,,,
ZcTag029,102465,Mk10,DS,4,0,2,23,14,2014-05-28 18:34:24,NP,0,35.8192,-74.4928,34.276,-82.1019,68,,401677618,-126
ZcTag029,102465,Mk10,DS,4,0,2,23,14,2014-05-28 18:34:24,P,0,35.819,-74.493,,,68,,401677619,-126
ZcTag029,102465,Mk10,DS,5,0,0,24,14,2014-05-28 20:58:46,NK,0,35.7696,-74.5645,39.0409,-57.7786,68,,401677610,-129
ZcTag029,102465,Mk10,DS,5,0,0,24,14,2014-05-28 20:58:46,K,0,35.77,-74.565,,,68,,401677611,-129
ZcTag029,102465,Mk10,DS,4,0,3,33,15,2014-05-28 21:22:27,NN,0,35.7201,-74.7925,31.0634,-96.9851,68,,401677586,-130
ZcTag029,102465,Mk10,DS,4,0,3,33,15,2014-05-28 21:22:27,N,0,35.72,-74.792,,,68,,401677586,-130
ZcTag029,102465,Mk10,DS,3,0,3,26,14,2014-05-28 23:01:45,SR,A,35.7556,-74.6284,33.2486,-62.0521,,,401677611,-121
ZcTag029,102465,Mk10,DS,3,0,3,26,14,2014-05-28 23:01:45,R,A,35.756,-74.628,,,,,401677611,-121
ZcTag029,102465,Mk10,DS,4,0,2,41,28,2014-05-29 02:12:00,MB,0,35.6997,-74.5776,34.7203,-79.4764,60,,401677616,-126
ZcTag029,102465,Mk10,DS,4,0,2,41,28,2014-05-29 02:12:00,B,0,35.7,-74.578,,,60,,401677617,-126
ZcTag029,102465,Mk10,DS,4,0,2,15,15,2014-05-29 02:43:15,NL,0,35.7188,-74.7004,32.009,-91.9812,66,,401677612,-124
ZcTag029,102465,Mk10,DS,4,0,2,15,15,2014-05-29 02:43:38,L,,,,,,,,,-124
ZcTag029,102465,Mk10,DS,5,0,3,21,17,2014-05-29 03:00:34,MA,1,35.7026,-74.6445,29.9591,-102.4055,60,,401677600,-121
ZcTag029,102465,Mk10,DS,5,0,3,21,17,2014-05-29 03:00:34,A,1,35.703,-74.645,,,60,,401677600,-121
ZcTag029,102465,Mk10,DS,3,0,2,17,17,2014-05-29 10:19:57,SR,Z,33.7096,-76.61,36.8342,-60.6177,30,,401677466,-132
ZcTag029,102465,Mk10,DS,3,0,2,17,17,2014-05-29 10:20:15,R,,,,,,,,,-132
ZcTag029,102465,Mk10,DS,4,0,3,52,19,2014-05-29 13:42:52,MA,0,35.4561,-74.9056,28.3513,-39.8924,58,,401677557,-129
ZcTag029,102465,Mk10,DS,4,0,3,52,19,2014-05-29 13:42:52,A,0,35.456,-74.906,,,58,,401677557,-129
ZcTag029,102465,Mk10,DS,7,0,6,34,18,2014-05-29 16:44:40,NP,0,35.3971,-74.7202,44.5679,-28.0921,50,,401677632,-137
ZcTag029,102465,Mk10,DS,7,0,6,34,18,2014-05-29 16:44:40,P,0,35.397,-74.72,,,50,,401677633,-137
ZcTag029,102465,Mk10,DS,4,0,3,29,15,2014-05-29 19:30:28,NN,0,35.2927,-75.2598,41.8532,-42.9041,50,,401677686,-134
ZcTag029,102465,Mk10,DS,4,0,3,29,15,2014-05-29 19:30:28,N,0,35.293,-75.26,,,50,,401677686,-134
ZcTag029,102465,Mk10,DS,7,0,6,24,18,2014-05-29 22:30:28,SR,1,35.4109,-74.7568,29.8513,-47.1729,60,,401677593,-128
ZcTag029,102465,Mk10,DS,7,0,6,24,18,2014-05-29 22:30:28,R,1,35.411,-74.757,,,60,,401677593,-128
ZcTag029,102465,Mk10,DS,1,0,1,,,2014-05-30 01:02:41,MA,,,,,,,,401677593,-128
ZcTag029,102465,Mk10,DS,1,0,1,,,2014-05-30 01:02:41,A,,,,,,,,,
ZcTag029,102465,Mk10,DS,2,0,1,143,143,2014-05-30 01:52:11,MB,B,35.3614,-74.9071,36.4808,-69.3071,,,401677593,-124
ZcTag029,102465,Mk10,DS,2,0,1,143,143,2014-05-30 01:52:11,B,B,35.361,-74.907,,,,,401677593,-124
ZcTag029,102465,Mk10,DS,7,0,5,34,21,2014-05-30 08:30:34,NP,0,35.461,-74.6985,43.2475,-111.9187,58,,401677603,-128
ZcTag029,102465,Mk10,DS,7,0,5,34,21,2014-05-30 08:30:34,P,0,35.461,-74.698,,,58,,401677603,-128
ZcTag029,102465,Mk10,DS,7,0,6,33,16,2014-05-30 10:35:14,NK,0,35.4309,-74.6968,36.0791,-77.8272,50,,401677609,-120
ZcTag029,102465,Mk10,DS,7,0,6,33,16,2014-05-30 10:35:14,K,0,35.431,-74.697,,,50,,401677609,-120
ZcTag029,102465,Mk10,DS,4,0,4,49,18,2014-05-30 11:27:14,SR,0,35.4197,-74.399,30.9367,-96.2243,50,,401677557,-126
ZcTag029,102465,Mk10,DS,4,0,4,49,18,2014-05-30 11:27:14,R,0,35.42,-74.399,,,50,,401677558,-126
ZcTag029,102465,Mk10,DS,3,0,3,82,36,2014-05-30 13:16:46,MA,A,35.4538,-74.6563,25.9484,-30.5588,,,401677614,-134
ZcTag029,102465,Mk10,DS,3,0,3,82,36,2014-05-30 13:16:46,A,A,35.454,-74.656,,,,,401677614,-134
ZcTag029,102465,Mk10,DS,2,0,2,22,22,2014-05-30 14:47:26,NL,,,,,,,,401677593,-134
ZcTag029,102465,Mk10,DS,2,0,2,22,22,2014-05-30 14:47:26,L,,,,,,,,,
ZcTag029,102465,Mk10,DS,5,0,4,24,18,2014-05-30 16:40:12,MA,0,35.3846,-74.7979,45.3017,-125.8479,50,,401677590,-126
ZcTag029,102465,Mk10,DS,5,0,4,24,18,2014-05-30 16:40:12,A,0,35.385,-74.798,,,50,,401677590,-126
ZcTag029,102465,Mk10,DS,4,0,4,45,27,2014-05-30 20:00:48,NP,0,35.5317,-74.5141,25.7919,-118.6872,60,,401677540,-137
ZcTag029,102465,Mk10,DS,4,0,4,45,27,2014-05-30 20:00:48,P,0,35.532,-74.514,,,60,,401677541,-137
ZcTag029,102465,Mk10,DS,1,0,1,,,2014-05-30 21:48:47,NK,,,,,,,,401677593,-136
ZcTag029,102465,Mk10,DS,1,0,1,,,2014-05-30 21:48:47,K,,,,,,,,,
ZcTag029,102465,Mk10,DS,7,0,7,31,21,2014-05-30 23:36:07,SR,1,35.4053,-74.6699,36.4696,-79.9203,60,,401677613,-122
ZcTag029,102465,Mk10,DS,1,0,1,,,2014-05-30 23:34:33,NK,,,,,,,,401677593,-137
ZcTag029,102465,Mk10,DS,1,0,1,,,2014-05-30 23:34:33,K,,,,,,,,,
ZcTag029,102465,Mk10,DS,7,0,7,31,21,2014-05-30 23:36:07,R,1,35.405,-74.67,,,60,,401677614,-122
ZcTag029,102465,Mk10,DS,2,0,1,67,67,2014-05-31 02:19:51,NL,B,35.4185,-74.4084,33.4679,-81.405,,,401677593,-130
ZcTag029,102465,Mk10,DS,7,0,6,36,19,2014-05-31 02:21:08,MA,1,35.4455,-74.6928,33.8475,-82.3531,50,,401677591,-114
ZcTag029,102465,Mk10,DS,2,0,1,67,67,2014-05-31 02:19:51,L,B,35.419,-74.408,,,,,401677593,-130
ZcTag029,102465,Mk10,DS,7,0,6,36,19,2014-05-31 02:21:08,A,1,35.445,-74.693,,,50,,401677591,-114
ZcTag029,102465,Mk10,DS,5,0,3,28,19,2014-05-31 06:37:25,NP,0,35.4224,-74.5856,32.1177,-58.9209,60,,401677577,-129
ZcTag029,102465,Mk10,DS,5,0,3,28,19,2014-05-31 06:37:25,P,0,35.422,-74.586,,,60,,401677577,-129
ZcTag029,102465,Mk10,DS,3,0,2,293,182,2014-05-31 08:22:17,NP,A,35.3799,-74.7013,41.6535,-106.1129,,,401677585,-133
ZcTag029,102465,Mk10,DS,3,0,2,293,182,2014-05-31 08:22:17,P,A,35.38,-74.701,,,,,401677585,-133
ZcTag029,102465,Mk10,DS,8,0,7,20,15,2014-05-31 09:29:09,NN,0,35.3675,-74.6194,35.0162,-72.9496,58,,401677592,-124
ZcTag029,102465,Mk10,DS,8,0,7,20,15,2014-05-31 09:29:09,N,0,35.367,-74.619,,,58,,401677593,-124
ZcTag029,102465,Mk10,DS,2,0,1,42,42,2014-05-31 10:16:19,NK,B,35.448,-74.8922,33.7315,-65.3351,,,401677585,-134
ZcTag029,102465,Mk10,DS,2,0,1,42,42,2014-05-31 10:16:19,K,B,35.448,-74.892,,,,,401677606,-134
ZcTag029,102465,Mk10,DS,8,0,5,21,15,2014-05-31 11:51:32,NK,0,35.4176,-74.7451,43.1488,-113.6887,58,,401677606,-131
ZcTag029,102465,Mk10,DS,8,0,5,21,15,2014-05-31 11:51:32,K,0,35.418,-74.745,,,58,,401677606,-131
ZcTag029,102465,Mk10,DS,1,0,1,,,2014-05-31 13:50:34,MB,,,,,,,,401677606,-137
ZcTag029,102465,Mk10,DS,1,0,1,,,2014-05-31 13:50:34,B,,,,,,,,,
ZcTag029,102465,Mk10,DS,4,0,4,42,19,2014-05-31 18:06:40,NP,0,35.4395,-74.7676,37.3481,-65.726,58,,401677572,-123
ZcTag029,102465,Mk10,DS,4,0,4,42,19,2014-05-31 18:06:40,P,0,35.439,-74.768,,,58,,401677573,-123
ZcTag029,102465,Mk10,DS,5,0,4,35,15,2014-05-31 20:54:05,NN,0,35.522,-74.5907,34.2222,-80.6195,58,,401677583,-122
ZcTag029,102465,Mk10,DS,5,0,4,35,15,2014-05-31 20:54:05,N,0,35.522,-74.591,,,58,,401677584,-122
ZcTag029,102465,Mk10,DS,3,0,2,17,16,2014-06-01 00:17:34,MA,Z,45.7533,-25.5484,36.4347,-74.2118,30,,401677298,-128
ZcTag029,102465,Mk10,DS,3,0,2,17,16,2014-06-01 00:17:17,A,,,,,,,,,-128
ZcTag029,102465,Mk10,DS,1,0,1,,,2014-06-01 00:25:35,NL,,,,,,,,401677606,-137
ZcTag029,102465,Mk10,DS,1,0,1,,,2014-06-01 00:25:35,L,,,,,,,,,
ZcTag029,102465,Mk10,DS,3,0,3,62,24,2014-06-01 00:43:54,SR,A,35.5634,-74.5006,43.2471,-112.7238,,,401677655,-131
ZcTag029,102465,Mk10,DS,3,0,3,62,24,2014-06-01 00:43:54,R,A,35.563,-74.501,,,,,401677656,-131
ZcTag029,102465,Mk10,DS,2,0,2,143,143,2014-06-01 02:01:50,NL,B,35.3157,-75.5408,35.7036,-73.6718,,,401677606,-125
ZcTag029,102465,Mk10,DS,3,0,3,71,68,2014-06-01 02:01:47,MA,,,,,,,,401677606,-121
ZcTag029,102465,Mk10,DS,2,0,2,143,143,2014-06-01 02:01:50,L,B,35.316,-75.541,,,,,401677606,-125
ZcTag029,102465,Mk10,DS,3,0,3,71,68,2014-06-01 02:03:02,A,,,,,,,,,-125
ZcTag029,102465,Mk10,DS,1,0,1,,,2014-06-01 02:55:27,MB,,,,,,,,401677606,-136
ZcTag029,102465,Mk10,DS,1,0,1,,,2014-06-01 02:55:27,B,,,,,,,,,
ZcTag029,102465,Mk10,DS,1,0,1,,,2014-06-01 03:41:48,MA,,,,,,,,401677606,-134
ZcTag029,102465,Mk10,DS,1,0,1,,,2014-06-01 03:41:48,A,,,,,,,,,
ZcTag029,102465,Mk10,DS,3,0,2,35,25,2014-06-01 03:45:47,NL,A,35.592,-74.6204,25.2137,-122.2487,,,401677560,-131
ZcTag029,102465,Mk10,DS,3,0,2,35,25,2014-06-01 03:45:47,L,A,35.592,-74.62,,,,,401677561,-131
ZcTag029,102465,Mk10,DS,4,0,4,125,15,2014-06-01 08:08:52,NP,0,35.5748,-74.6687,41.0786,-100.9736,50,,401677601,-126
ZcTag029,102465,Mk10,DS,4,0,4,125,15,2014-06-01 08:08:52,P,0,35.575,-74.669,,,50,,401677602,-126
ZcTag029,102465,Mk10,DS,2,0,2,121,121,2014-06-01 10:59:50,NN,B,35.5655,-74.7787,43.7826,-115.0293,,,401677601,-136
ZcTag029,102465,Mk10,DS,2,0,2,121,121,2014-06-01 10:59:50,N,B,35.565,-74.779,,,,,401677602,-136
ZcTag029,102465,Mk10,DS,3,0,2,26,16,2014-06-01 11:59:51,SR,A,35.6529,-74.7418,27.7291,-114.0694,8,,401677569,-130
ZcTag029,102465,Mk10,DS,3,0,2,26,16,2014-06-01 11:59:51,R,A,35.653,-74.742,,,8,,401677570,-130
ZcTag029,102465,Mk10,DS,3,0,2,27,21,2014-06-01 15:54:12,MA,A,35.0018,-73.6566,41.9438,-107.6265,7,,401677765,-128
ZcTag029,102465,Mk10,DS,3,0,2,27,21,2014-06-01 15:54:12,A,A,35.002,-73.657,,,7,,401677765,-128
ZcTag029,102465,Mk10,DS,4,0,3,65,15,2014-06-01 19:31:37,NP,0,35.5485,-74.5174,28.4498,-108.7332,58,,401677629,-128
ZcTag029,102465,Mk10,DS,4,0,3,65,15,2014-06-01 19:31:37,P,0,35.549,-74.517,,,58,,401677630,-128
ZcTag029,102465,Mk10,DS,2,0,2,19,19,2014-06-01 20:37:49,NN,B,35.6493,-74.3848,35.3559,-75.848,,,401677601,-133
ZcTag029,102465,Mk10,DS,2,0,2,19,19,2014-06-01 20:37:49,N,B,35.649,-74.385,,,,,401677608,-133
ZcTag029,102465,Mk10,DS,7,0,6,35,18,2014-06-01 21:03:14,NK,1,35.5863,-74.6364,38.8683,-58.1322,50,,401677608,-122
ZcTag029,102465,Mk10,DS,7,0,6,35,18,2014-06-01 21:03:14,K,1,35.586,-74.636,,,50,,401677608,-122
ZcTag029,102465,Mk10,DS,2,0,2,36,36,2014-06-02 00:10:36,NL,B,35.6264,-74.6003,46.3545,-20.4104,,,401677608,-136
ZcTag029,102465,Mk10,DS,2,0,2,36,36,2014-06-02 00:10:36,L,B,35.626,-74.6,,,,,401677583,-136
ZcTag029,102465,Mk10,DS,4,0,4,39,20,2014-06-02 00:11:54,SR,0,35.5874,-74.5622,40.2513,-97.7204,68,,401677626,-125
ZcTag029,102465,Mk10,DS,4,0,4,39,20,2014-06-02 00:11:54,R,0,35.587,-74.562,,,68,,401677626,-125
ZcTag029,102465,Mk10,DS,1,0,1,,,2014-06-02 01:32:35,MA,,,,,,,,401677608,-134
ZcTag029,102465,Mk10,DS,1,0,1,,,2014-06-02 01:32:35,A,,,,,,,,,
ZcTag029,102465,Mk10,DS,1,0,1,,,2014-06-02 01:51:03,NL,,,,,,,,401677608,-128
ZcTag029,102465,Mk10,DS,1,0,1,,,2014-06-02 01:51:03,L,,,,,,,,,
ZcTag029,102465,Mk10,DS,1,0,1,,,2014-06-02 02:29:32,MB,,,,,,,,401677608,-134
ZcTag029,102465,Mk10,DS,1,0,1,,,2014-06-02 02:29:32,B,,,,,,,,,
ZcTag029,102465,Mk10,DS,6,0,4,42,20,2014-06-02 03:31:12,NL,0,35.5865,-74.7422,26.8017,-116.4028,50,,401677582,-131
ZcTag029,102465,Mk10,DS,6,0,4,42,20,2014-06-02 03:33:00,L,,,,,,,,,-131
ZcTag029,102465,Mk10,DS,5,0,3,30,22,2014-06-02 09:04:23,NN,1,35.5604,-74.7166,32.7867,-61.9594,58,,401677603,-125
ZcTag029,102465,Mk10,DS,5,0,3,30,22,2014-06-02 09:04:23,N,1,35.56,-74.717,,,58,,401677604,-125
ZcTag029,102465,Mk10,DS,4,0,4,49,21,2014-06-02 09:25:20,NK,0,35.5278,-74.6508,29.0291,-42.6076,58,,401677601,-133
ZcTag029,102465,Mk10,DS,4,0,4,49,21,2014-06-02 09:25:20,K,0,35.528,-74.651,,,58,,401677602,-133
ZcTag029,102465,Mk10,DS,6,0,5,21,19,2014-06-02 11:02:30,NK,1,35.5399,-74.7485,38.6366,-90.0572,58,,401677606,-122
ZcTag029,102465,Mk10,DS,6,0,5,21,19,2014-06-02 11:02:30,K,1,35.54,-74.748,,,58,,401677606,-122
ZcTag029,102465,Mk10,DS,4,0,4,33,19,2014-06-02 13:58:23,MA,1,35.5053,-74.7469,30.066,-48.1736,68,,401677594,-123
ZcTag029,102465,Mk10,DS,4,0,4,33,19,2014-06-02 13:58:23,A,1,35.505,-74.747,,,68,,401677595,-123
ZcTag029,102465,Mk10,DS,1,0,1,,,2014-06-02 14:19:53,NL,,,,,,,,401677606,-136
ZcTag029,102465,Mk10,DS,1,0,1,,,2014-06-02 14:19:53,L,,,,,,,,,
ZcTag029,102465,Mk10,DS,1,0,1,,,2014-06-02 14:57:56,MB,,,,,,,,401677606,-134
ZcTag029,102465,Mk10,DS,1,0,1,,,2014-06-02 14:57:56,B,,,,,,,,,
ZcTag029,102465,Mk10,DS,6,0,5,27,15,2014-06-02 15:55:29,NL,1,35.5007,-74.8119,41.409,-103.1481,68,,401677586,-125
ZcTag029,102465,Mk10,DS,6,0,5,27,15,2014-06-02 15:55:29,L,1,35.501,-74.812,,,68,,401677587,-125
ZcTag029,102465,Mk10,DS,5,0,5,19,17,2014-06-02 20:34:22,NN,Z,34.2345,-76.4447,35.979,-65.8123,30,,401677544,-134
ZcTag029,102465,Mk10,DS,5,0,5,19,17,2014-06-02 20:34:42,N,,,,,,,,,-134
ZcTag029,102465,Mk10,DS,1,0,1,,,2014-06-02 20:35:01,NK,,,,,,,,401677586,-137
ZcTag029,102465,Mk10,DS,1,0,1,,,2014-06-02 20:35:01,K,,,,,,,,,
ZcTag029,102465,Mk10,DS,4,0,4,55,17,2014-06-02 22:12:28,NN,0,35.4669,-74.8038,26.0172,-117.1829,58,,401677607,-134
ZcTag029,102465,Mk10,DS,4,0,4,55,17,2014-06-02 22:12:28,N,0,35.467,-74.804,,,58,,401677608,-134
ZcTag029,102465,Mk10,DS,1,0,1,,,2014-06-02 22:15:05,NK,,,,,,,,401677586,-131
ZcTag029,102465,Mk10,DS,1,0,1,,,2014-06-02 22:15:05,K,,,,,,,,,
ZcTag029,102465,Mk10,DS,4,0,3,16,15,2014-06-02 23:41:12,SR,B,35.5216,-74.8316,37.0783,-81.7664,,,401677640,-123
ZcTag029,102465,Mk10,DS,4,0,3,16,15,2014-06-02 23:41:12,R,B,35.522,-74.832,,,,,401677640,-123
ZcTag029,102465,Mk10,DS,4,0,3,17,15,2014-06-03 01:36:41,NL,0,35.4611,-74.6201,37.9275,-62.5394,68,,401677590,-128
ZcTag029,102465,Mk10,DS,4,0,3,17,15,2014-06-03 01:36:41,L,0,35.461,-74.62,,,68,,401677591,-128
ZcTag029,102465,Mk10,DS,7,0,5,19,15,2014-06-03 07:47:48,NP,0,35.406,-74.7457,38.751,-90.6732,50,,401677592,-125
ZcTag029,102465,Mk10,DS,7,0,5,19,15,2014-06-03 07:47:48,P,0,35.406,-74.746,,,50,,401677593,-125
ZcTag029,102465,Mk10,DS,5,0,3,28,17,2014-06-03 10:40:40,NK,Z,35.4286,-74.9228,36.1009,-78.2763,30,,401677598,-121
ZcTag029,102465,Mk10,DS,5,0,3,28,17,2014-06-03 10:40:23,K,,,,,,,,,-121
ZcTag029,102465,Mk10,DS,1,0,1,,,2014-06-03 10:40:40,NN,,,,,,,,401677586,-137
ZcTag029,102465,Mk10,DS,1,0,1,,,2014-06-03 10:40:40,N,,,,,,,,,-121
ZcTag029,102465,Mk10,DS,8,0,7,22,18,2014-06-03 13:40:13,MA,0,35.3542,-74.9111,27.9022,-38.2517,60,,401677567,-127
ZcTag029,102465,Mk10,DS,8,0,7,22,18,2014-06-03 13:40:13,A,0,35.354,-74.911,,,60,,401677567,-127
ZcTag029,102465,Mk10,DS,7,0,3,20,15,2014-06-03 14:05:30,NL,0,35.3732,-74.8109,30.1108,-49.4679,60,,401677584,-128
ZcTag029,102465,Mk10,DS,7,0,3,20,15,2014-06-03 14:05:30,L,0,35.373,-74.811,,,60,,401677584,-128
ZcTag029,102465,Mk10,DS,5,0,4,19,17,2014-06-03 14:31:04,MB,1,35.4071,-74.783,33.0265,-63.2725,60,,401677601,-121
ZcTag029,102465,Mk10,DS,5,0,4,19,17,2014-06-03 14:31:04,B,1,35.407,-74.783,,,60,,401677602,-121
ZcTag029,102465,Mk10,DS,1,0,1,,,2014-06-03 19:07:51,NP,,,,,,,,401677586,-136
ZcTag029,102465,Mk10,DS,1,0,1,,,2014-06-03 19:07:51,P,,,,,,,,,
ZcTag029,102465,Mk10,DS,7,0,5,56,15,2014-06-03 20:15:44,NN,2,35.4074,-74.7651,37.5991,-64.2246,66,,401677604,-121
ZcTag029,102465,Mk10,DS,5,0,5,79,20,2014-06-03 20:15:35,NK,2,35.4327,-74.7349,43.6597,-34.3597,66,,401677599,-131
ZcTag029,102465,Mk10,DS,5,0,5,79,20,2014-06-03 20:15:35,K,2,35.433,-74.735,,,66,,401677599,-131
ZcTag029,102465,Mk10,DS,7,0,5,56,15,2014-06-03 20:15:44,N,2,35.407,-74.765,,,66,,401677605,-121
ZcTag029,102465,Mk10,DS,4,0,3,19,14,2014-06-04 00:50:10,SR,0,35.5341,-74.6372,43.6224,-115.2375,68,,401677621,-134
ZcTag029,102465,Mk10,DS,4,0,3,19,14,2014-06-04 00:50:10,R,0,35.534,-74.637,,,68,,401677621,-134
ZcTag029,102465,Mk10,DS,1,0,1,,,2014-06-04 00:51:00,MA,,,,,,,,401677604,-134
ZcTag029,102465,Mk10,DS,1,0,1,,,2014-06-04 00:51:00,A,,,,,,,,,
ZcTag029,102465,Mk10,DS,8,0,7,28,16,2014-06-04 01:24:56,NL,1,35.4627,-74.6399,39.1205,-56.6357,58,,401677600,-124
ZcTag029,102465,Mk10,DS,8,0,7,28,16,2014-06-04 01:24:56,L,1,35.463,-74.64,,,58,,401677601,-124
ZcTag029,102465,Mk10,DS,6,0,5,20,19,2014-06-04 02:34:17,MA,0,35.4675,-74.6471,32.2358,-90.6537,58,,401677592,-122
ZcTag029,102465,Mk10,DS,6,0,5,20,19,2014-06-04 02:34:17,A,0,35.467,-74.647,,,58,,401677604,-118
ZcTag029,102465,Mk10,DS,1,0,1,,,2014-06-04 08:32:54,NK,,,,,,,,401677604,-137
ZcTag029,102465,Mk10,DS,1,0,1,,,2014-06-04 08:32:54,K,,,,,,,,,
ZcTag029,102465,Mk10,DS,1,0,1,,,2014-06-04 08:41:41,NN,,,,,,,,401677604,-129
ZcTag029,102465,Mk10,DS,1,0,1,,,2014-06-04 08:41:41,N,,,,,,,,,
ZcTag029,102465,Mk10,DS,5,0,5,27,17,2014-06-04 10:25:09,NN,0,35.6176,-74.6654,40.5808,-98.9237,60,,401677598,-129
ZcTag029,102465,Mk10,DS,6,0,4,21,15,2014-06-04 10:25:09,SR,0,35.6371,-74.6421,36.6826,-69.3161,50,,401677601,-120
ZcTag029,102465,Mk10,DS,6,0,4,21,15,2014-06-04 10:25:09,R,0,35.637,-74.642,,,50,,401677601,-120
ZcTag029,102465,Mk10,DS,5,0,5,27,17,2014-06-04 10:25:09,N,0,35.618,-74.665,,,50,,401677583,-120
ZcTag029,102465,Mk10,DS,2,0,2,40,40,2014-06-04 13:19:53,MA,B,35.6685,-74.5486,26.2683,-28.471,,,401677604,-132
ZcTag029,102465,Mk10,DS,2,0,2,40,40,2014-06-04 13:19:53,A,B,35.668,-74.549,,,,,401677605,-132
ZcTag029,102465,Mk10,DS,3,0,1,27,19,2014-06-04 13:48:04,NL,A,35.7539,-74.6165,29.0549,-43.864,,,401677604,-129
ZcTag029,102465,Mk10,DS,3,0,1,27,19,2014-06-04 13:48:04,L,A,35.754,-74.616,,,,,401677611,-129
ZcTag029,102465,Mk10,DS,1,0,1,,,2014-06-04 14:05:26,MB,,,,,,,,401677604,-134
ZcTag029,102465,Mk10,DS,1,0,1,,,2014-06-04 14:05:26,B,,,,,,,,,
ZcTag029,102465,Mk10,DS,1,0,1,,,2014-06-04 19:05:22,NP,,,,,,,,401677604,-135
ZcTag029,102465,Mk10,DS,1,0,1,,,2014-06-04 19:05:22,P,,,,,,,,,
ZcTag029,102465,Mk10,DS,2,0,2,20,20,2014-06-04 19:48:23,NK,B,35.8011,-74.5728,45.7759,-23.0456,,,401677604,-137
ZcTag029,102465,Mk10,DS,2,0,2,20,20,2014-06-04 19:48:23,K,B,35.801,-74.573,,,,,401677605,-137
ZcTag029,102465,Mk10,DS,4,0,2,36,17,2014-06-04 21:34:22,NK,Z,35.6743,-75.1585,24.0659,-85.2039,30,,401677583,-130
ZcTag029,102465,Mk10,DS,4,0,2,36,17,2014-06-04 21:35:18,K,,,,,,,,,-130
ZcTag029,102465,Mk10,DS,1,0,1,,,2014-06-04 23:10:03,NK,,,,,,,,401677604,-133
ZcTag029,102465,Mk10,DS,1,0,1,,,2014-06-04 23:10:03,K,,,,,,,,,
ZcTag029,102465,Mk10,DS,1,0,1,,,2014-06-05 00:30:53,MA,,,,,,,,401677604,-134
ZcTag029,102465,Mk10,DS,1,0,1,,,2014-06-05 00:30:53,A,,,,,,,,,
ZcTag029,102465,Mk10,DS,6,0,5,17,15,2014-06-05 01:09:56,NL,0,35.8962,-75.0468,40.743,-50.7617,60,,401677635,-133
ZcTag029,102465,Mk10,DS,6,0,5,17,15,2014-06-05 01:09:56,L,0,35.896,-75.047,,,60,,401677635,-133
ZcTag029,102465,Mk10,DS,6,0,5,43,15,2014-06-05 02:55:59,NL,2,35.9662,-74.6142,30.7332,-98.9282,60,,401677592,-126
ZcTag029,102465,Mk10,DS,6,0,5,43,15,2014-06-05 02:55:59,L,2,35.966,-74.614,,,60,,401677592,-126
ZcTag029,102465,Mk10,DS,4,0,4,156,130,2014-06-05 07:25:51,NP,0,36.097,-74.5885,37.1437,-79.6373,48,,401677592,-132
ZcTag029,102465,Mk10,DS,4,0,4,156,130,2014-06-05 07:25:51,P,0,36.097,-74.588,,,48,,401677591,-126
ZcTag029,102465,Mk10,DS,8,0,8,30,17,2014-06-05 08:32:17,NN,1,36.0486,-74.5036,29.8714,-45.4284,58,,401677577,-126
ZcTag029,102465,Mk10,DS,8,0,8,30,17,2014-06-05 08:32:17,N,1,36.049,-74.504,,,58,,401677578,-126
ZcTag029,102465,Mk10,DS,6,0,5,54,18,2014-06-05 09:44:37,NK,0,36.1209,-74.4895,32.0676,-55.0668,57,,401677597,-123
ZcTag029,102465,Mk10,DS,6,0,5,54,18,2014-06-05 09:44:37,K,0,36.121,-74.489,,,57,,401677597,-123
ZcTag029,102465,Mk10,DS,7,0,6,26,15,2014-06-05 11:36:19,SR,1,36.1457,-74.4248,30.3878,-102.284,58,,401677594,-128
ZcTag029,102465,Mk10,DS,7,0,6,26,15,2014-06-05 11:36:19,R,1,36.146,-74.425,,,58,,401677595,-128
ZcTag029,102465,Mk10,DS,8,0,7,26,15,2014-06-05 13:35:01,NL,0,36.1679,-74.3795,28.2103,-38.0236,58,,401677601,-131
ZcTag029,102465,Mk10,DS,8,0,7,26,15,2014-06-05 13:35:01,L,0,36.168,-74.379,,,58,,401677601,-131
ZcTag029,102465,Mk10,DS,6,0,6,17,16,2014-06-05 14:39:07,MA,Z,36.1439,-74.3125,34.5456,-66.2747,30,,401677605,-120
ZcTag029,102465,Mk10,DS,6,0,6,17,16,2014-06-05 14:39:52,A,,,,,,,,,-120
ZcTag029,102465,Mk10,DS,3,0,3,69,18,2014-06-05 15:21:40,NL,A,36.2006,-74.4819,38.4118,-85.3528,8,,401677577,-126
ZcTag029,102465,Mk10,DS,3,0,3,69,18,2014-06-05 15:21:40,L,A,36.201,-74.482,,,,,401677609,
ZcTag029,102465,Mk10,DS,4,0,3,35,16,2014-06-05 18:46:08,NP,0,35.8742,-74.9284,33.3158,-87.7487,58,,401677559,-132
ZcTag029,102465,Mk10,DS,4,0,3,35,16,2014-06-05 18:46:08,P,0,35.874,-74.928,,,58,,401677560,-132
ZcTag029,102465,Mk10,DS,7,0,6,49,18,2014-06-05 19:53:21,NN,1,36.2605,-74.4038,40.4105,-54.1135,58,,401677597,-123
ZcTag029,102465,Mk10,DS,7,0,6,49,18,2014-06-05 19:53:21,N,1,36.261,-74.404,,,58,,401677598,-123
ZcTag029,102465,Mk10,DS,1,0,1,,,2014-06-05 22:14:16,SR,,,,,,,,401677598,-137
ZcTag029,102465,Mk10,DS,1,0,1,,,2014-06-05 22:14:16,R,,,,,,,,,
ZcTag029,102465,Mk10,DS,3,0,3,18,15,2014-06-06 01:00:44,NL,A,36.2556,-74.6387,42.1363,-45.2338,8,,401677643,-131
ZcTag029,102465,Mk10,DS,3,0,3,18,15,2014-06-06 01:00:44,L,A,36.256,-74.639,,,8,,401677644,-131
ZcTag029,102465,Mk10,DS,3,0,2,34,32,2014-06-06 01:59:32,MA,Z,37.4354,-73.4026,20.1081,-93.6296,30,,401677661,-125
ZcTag029,102465,Mk10,DS,3,0,2,34,32,2014-06-06 01:59:34,A,,,,,,,,,-125
ZcTag029,102465,Mk10,DS,2,0,2,20,20,2014-06-06 02:42:47,NL,B,36.3721,-74.5344,32.4302,-93.3719,,,401677598,-124
ZcTag029,102465,Mk10,DS,2,0,2,20,20,2014-06-06 02:42:47,L,B,36.372,-74.534,,,,,401677598,-124
ZcTag029,102465,Mk10,DS,6,0,4,18,16,2014-06-06 08:21:13,NN,0,36.4219,-74.5741,29.0621,-39.7495,60,,401677597,-129
ZcTag029,102465,Mk10,DS,6,0,4,18,16,2014-06-06 08:21:13,N,0,36.422,-74.574,,,60,,401677598,-129
ZcTag029,102465,Mk10,DS,2,0,1,83,83,2014-06-06 09:25:22,NK,B,36.4523,-74.5909,29.9401,-42.6988,,,401677598,-130
ZcTag029,102465,Mk10,DS,3,0,3,41,36,2014-06-06 09:25:22,SR,A,36.4193,-74.5295,43.223,-40.0443,,,401677628,-132
ZcTag029,102465,Mk10,DS,2,0,1,83,83,2014-06-06 09:25:22,K,B,36.452,-74.591,,,,,401677628,-130
ZcTag029,102465,Mk10,DS,3,0,3,41,36,2014-06-06 09:25:22,R,A,36.419,-74.53,,,,,401677628,-130
ZcTag029,102465,Mk10,DS,5,0,4,20,15,2014-06-06 15:11:07,MB,0,36.4957,-74.4937,37.7911,-81.037,58,,401677587,-127
ZcTag029,102465,Mk10,DS,5,0,4,20,15,2014-06-06 15:11:07,B,0,36.496,-74.494,,,58,,401677587,-127
ZcTag029,102465,Mk10,DS,3,0,3,24,14,2014-06-06 15:57:00,MA,Z,42.2378,-103.0575,36.8495,-75.2646,30,,401677705,-122
ZcTag029,102465,Mk10,DS,3,0,3,24,14,2014-06-06 15:57:24,A,,,,,,,,,-122
ZcTag029,102465,Mk10,DS,5,0,0,19,16,2014-06-06 18:39:32,NP,1,36.5703,-74.622,34.8518,-82.9411,68,,401677591,-120
ZcTag029,102465,Mk10,DS,5,0,0,19,16,2014-06-06 18:39:32,P,1,36.57,-74.622,,,68,,401677592,-120
ZcTag029,102465,Mk10,DS,1,0,1,,,2014-06-06 20:46:04,NK,,,,,,,,401677599,-133
ZcTag029,102465,Mk10,DS,1,0,1,,,2014-06-06 20:46:04,K,,,,,,,,,
ZcTag029,102465,Mk10,DS,4,0,1,17,15,2014-06-06 21:27:39,NN,0,36.6419,-74.8736,32.0358,-96.0531,67,,401677646,-126
ZcTag029,102465,Mk10,DS,4,0,1,17,15,2014-06-06 21:27:39,N,0,36.642,-74.874,,,67,,401677646,-126
ZcTag029,102465,Mk10,DS,3,0,2,24,15,2014-06-06 22:17:58,NK,,,,,,8,,401677558,-130
ZcTag029,102465,Mk10,DS,3,0,2,24,15,2014-06-06 22:17:33,K,A,36.454,-75.016,,,8,,401677558,-130
ZcTag029,102465,Mk10,DS,5,0,2,17,15,2014-06-06 23:19:57,SR,0,36.7596,-74.6883,35.7645,-69.6165,68,,401677592,-124
ZcTag029,102465,Mk10,DS,5,0,2,17,15,2014-06-06 23:19:57,R,0,36.76,-74.688,,,68,,401677592,-124
ZcTag029,102465,Mk10,DS,4,0,4,23,15,2014-06-07 00:57:30,SR,0,36.6133,-74.5966,44.7737,-117.3158,67,,401677503,-135
ZcTag029,102465,Mk10,DS,4,0,4,23,15,2014-06-07 00:57:30,R,0,36.613,-74.597,,,67,,401677504,-135
ZcTag029,102465,Mk10,DS,4,0,3,18,17,2014-06-07 02:26:24,MB,0,36.8298,-74.6452,34.4428,-86.6203,58,,401677586,-131
ZcTag029,102465,Mk10,DS,4,0,3,18,17,2014-06-07 02:26:24,B,0,36.83,-74.645,,,58,,401677586,-131
ZcTag029,102465,Mk10,DS,1,0,1,,,2014-06-07 08:39:30,NP,,,,,,,,401677599,-137
ZcTag029,102465,Mk10,DS,1,0,1,,,2014-06-07 08:39:30,P,,,,,,,,,
ZcTag029,102465,Mk10,DS,4,0,3,26,15,2014-06-07 13:51:47,MA,0,37.0966,-74.3659,31.1777,-46.2481,60,,401677589,-129
ZcTag029,102465,Mk10,DS,4,0,3,26,15,2014-06-07 13:51:47,A,0,37.097,-74.366,,,60,,401677589,-129
ZcTag029,102465,Mk10,DS,7,0,3,18,14,2014-06-07 15:34:03,MA,1,37.1057,-74.4334,40.7574,-93.8529,56,,401677571,-118
ZcTag029,102465,Mk10,DS,7,0,3,18,14,2014-06-07 15:34:03,A,1,37.106,-74.433,,,56,,401677572,-118
ZcTag029,102465,Mk10,DS,6,0,3,21,15,2014-06-07 21:11:31,NN,0,37.1935,-74.3683,33.6081,-91.6025,68,,401677594,-126
ZcTag029,102465,Mk10,DS,6,0,3,21,15,2014-06-07 21:11:31,N,0,37.194,-74.368,,,68,,401677595,-126
ZcTag029,102465,Mk10,DS,5,0,2,20,14,2014-06-08 01:15:47,MA,0,37.291,-74.3038,41.7274,-52.5192,68,,401677593,-120
ZcTag029,102465,Mk10,DS,5,0,2,20,14,2014-06-08 01:15:47,A,0,37.291,-74.304,,,68,,401677594,-120
ZcTag029,102465,Mk10,DS,6,0,3,19,14,2014-06-08 02:06:58,MB,0,37.2772,-74.4036,36.7155,-77.2351,58,,401677579,-125
ZcTag029,102465,Mk10,DS,6,0,3,19,14,2014-06-08 02:06:58,B,0,37.277,-74.404,,,58,,401677580,-125
ZcTag029,102465,Mk10,DS,6,0,1,16,15,2014-06-08 06:55:51,NP,0,37.4335,-74.3631,35.2236,-63.5066,60,,401677573,-122
ZcTag029,102465,Mk10,DS,6,0,1,16,15,2014-06-08 06:55:51,P,0,37.434,-74.363,,,60,,401677574,-122
ZcTag029,102465,Mk10,DS,4,0,2,24,18,2014-06-08 08:33:38,NP,0,37.4096,-74.2045,44.9284,-111.5585,60,,401677594,-132
ZcTag029,102465,Mk10,DS,1,0,1,,,2014-06-08 08:33:02,NK,,,,,,,,401677594,-137
ZcTag029,102465,Mk10,DS,1,0,1,,,2014-06-08 08:33:02,K,,,,,,,,,
ZcTag029,102465,Mk10,DS,4,0,2,24,18,2014-06-08 08:33:38,P,0,37.41,-74.205,,,60,,401677594,-132
ZcTag029,102465,Mk10,DS,3,0,1,18,18,2014-06-08 14:30:52,MB,Z,34.911,-59.5982,38.0182,-75.3412,30,,401677521,-128
ZcTag029,102465,Mk10,DS,3,0,1,18,18,2014-06-08 14:30:52,B,,,,,,,,,-128
ZcTag029,102465,Mk10,DS,8,0,4,17,15,2014-06-08 16:39:27,NP,0,37.4766,-74.2041,47.4431,-25.1359,68,,401677567,-135
ZcTag029,102465,Mk10,DS,8,0,4,17,15,2014-06-08 16:39:27,P,0,37.477,-74.204,,,68,,401677568,-135
ZcTag029,102465,Mk10,DS,2,0,0,18,18,2014-06-08 19:17:30,NN,,,,,,,,401677594,-133
ZcTag029,102465,Mk10,DS,2,0,0,18,18,2014-06-08 19:17:21,N,B,37.511,-74.217,,,,,401677594,-133
ZcTag029,102465,Mk10,DS,7,0,2,21,14,2014-06-08 21:31:21,NK,0,37.4942,-74.052,37.7488,-72.7719,60,,401677592,-122
ZcTag029,102465,Mk10,DS,7,0,2,21,14,2014-06-08 21:31:21,K,0,37.494,-74.052,,,60,,401677592,-122
ZcTag029,102465,Mk10,DS,3,0,1,34,15,2014-06-08 23:52:40,SR,A,37.5068,-73.9611,40.2117,-87.5134,,,401677611,-126
ZcTag029,102465,Mk10,DS,3,0,1,34,15,2014-06-08 23:52:40,R,A,37.507,-73.961,,,,,401677612,-126
ZcTag029,102465,Mk10,DS,2,0,2,19,19,2014-06-10 00:37:23,MA,B,37.554,-73.7616,45.9901,-35.0207,,,401677594,-132
ZcTag029,102465,Mk10,DS,2,0,2,19,19,2014-06-10 00:37:23,A,B,37.554,-73.762,,,,,401677594,-132
ZcTag029,102465,Mk10,DS,5,0,2,19,18,2014-06-10 02:08:34,MA,0,37.5307,-73.6802,36.0365,-81.4204,60,,401677594,-124
ZcTag029,102465,Mk10,DS,5,0,2,19,18,2014-06-10 02:08:34,A,0,37.531,-73.68,,,60,,401677594,-124
ZcTag029,102465,Mk10,DS,3,0,3,279,137,2014-06-10 06:31:13,NP,A,37.3602,-73.8447,33.1612,-52.972,,,401677583,-129
ZcTag029,102465,Mk10,DS,3,0,3,279,137,2014-06-10 06:31:13,P,A,37.36,-73.845,,,,,401677583,-129
ZcTag029,102465,Mk10,DS,3,0,2,20,18,2014-06-10 09:14:24,NN,A,37.3284,-73.9712,35.5838,-65.8232,8,,401677600,-124
ZcTag029,102465,Mk10,DS,3,0,2,20,18,2014-06-10 09:14:24,N,A,37.328,-73.971,,,8,,401677601,-124
ZcTag029,102465,Mk10,DS,5,0,1,16,14,2014-06-10 09:29:05,NK,0,37.2462,-73.7606,31.2048,-43.6183,58,,401677615,-134
ZcTag029,102465,Mk10,DS,5,0,1,16,14,2014-06-10 09:29:05,K,0,37.246,-73.761,,,58,,401677615,-134
ZcTag029,102465,Mk10,DS,2,0,2,19,19,2014-06-10 13:44:12,MB,B,37.2342,-73.9342,30.5058,-41.2683,,,401677583,-134
ZcTag029,102465,Mk10,DS,2,0,2,19,19,2014-06-10 13:44:12,B,B,37.234,-73.934,,,,,401677583,-134
ZcTag029,102465,Mk10,DS,4,0,3,30,18,2014-06-10 14:35:21,MA,0,37.2899,-74.1835,35.2955,-64.1247,58,,401677576,-121
ZcTag029,102465,Mk10,DS,4,0,3,30,18,2014-06-10 14:35:21,A,0,37.29,-74.183,,,58,,401677577,-121
ZcTag029,102465,Mk10,DS,4,0,4,33,19,2014-06-10 19:33:31,NP,0,37.1411,-74.1621,29.6797,-110.4963,60,,401677589,-132
ZcTag029,102465,Mk10,DS,4,0,4,33,19,2014-06-10 19:33:31,P,0,37.141,-74.162,,,60,,401677589,-132
ZcTag029,102465,Mk10,DS,5,0,2,16,15,2014-06-10 20:44:45,NK,0,37.143,-74.1045,42.2393,-49.0271,50,,401677590,-129
ZcTag029,102465,Mk10,DS,5,0,2,16,15,2014-06-10 20:44:45,K,0,37.143,-74.104,,,50,,401677590,-129
ZcTag029,102465,Mk10,DS,1,0,1,,,2014-06-10 20:45:03,NN,,,,,,,,401677583,-137
ZcTag029,102465,Mk10,DS,1,0,1,,,2014-06-10 20:45:03,N,,,,,,,,,
ZcTag029,102465,Mk10,DS,1,0,1,,,2014-06-12 00:00:40,SR,,,,,,,,401677583,-125
ZcTag029,102465,Mk10,DS,1,0,1,,,2014-06-12 00:00:40,R,,,,,,,,,
ZcTag029,102465,Mk10,DS,6,0,5,18,16,2014-06-12 01:25:43,MA,0,36.8135,-74.678,39.3315,-60.6838,50,,401677608,-128
ZcTag029,102465,Mk10,DS,6,0,5,18,16,2014-06-12 01:25:43,A,0,36.813,-74.678,,,50,,401677608,-128
ZcTag029,102465,Mk10,DS,1,0,1,,,2014-06-12 03:15:53,MA,,,,,,,,401677583,-133
ZcTag029,102465,Mk10,DS,1,0,1,,,2014-06-12 03:15:53,A,,,,,,,,,
ZcTag029,102465,Mk10,DS,5,0,4,17,15,2014-06-12 06:13:47,NP,0,36.6919,-74.1087,30.3023,-42.9625,50,,401677627,-135
ZcTag029,102465,Mk10,DS,5,0,4,17,15,2014-06-12 06:13:47,P,0,36.692,-74.109,,,50,,401677628,-135
ZcTag029,102465,Mk10,DS,5,0,4,18,16,2014-06-12 07:52:44,NP,0,36.7775,-74.4838,40.027,-90.6806,50,,401677605,-128
ZcTag029,102465,Mk10,DS,5,0,4,18,16,2014-06-12 07:53:21,P,,,,,,,,,-128
ZcTag029,102465,Mk10,DS,7,0,4,17,15,2014-06-12 08:58:16,NN,0,32.8048,-53.7938,37.0392,-74.8867,60,,401677558,-134
ZcTag029,102465,Mk10,DS,7,0,4,17,15,2014-06-12 08:59:08,N,,,,,,,,,-134
ZcTag029,102465,Mk10,DS,1,0,1,,,2014-06-12 11:10:11,SR,,,,,,,,401677583,-137
ZcTag029,102465,Mk10,DS,1,0,1,,,2014-06-12 11:10:11,R,,,,,,,,,
ZcTag029,102465,Mk10,DS,6,0,6,17,16,2014-06-12 11:54:39,NK,0,36.6513,-74.4708,,,50,,401677561,-131
ZcTag029,102465,Mk10,DS,6,0,6,17,16,2014-06-12 11:53:57,K,,,,,,,,,-131
ZcTag029,102465,Mk10,DS,1,0,0,,,2014-06-12 19:15:13,NP,,,,,,,,401677583,-131
ZcTag029,102465,Mk10,DS,1,0,0,,,2014-06-12 19:15:13,P,,,,,,,,,
ZcTag029,102465,Mk10,DS,6,0,6,20,16,2014-06-12 20:12:29,NN,Z,36.4075,-73.8248,38.2442,-64.6379,30,,401677565,-133
ZcTag029,102465,Mk10,DS,6,0,6,20,16,2014-06-12 20:11:39,N,,,,,,,,,-133
ZcTag029,102465,Mk10,DS,4,0,3,23,15,2014-06-12 21:31:43,NK,B,36.5042,-74.1497,36.7374,-72.9574,,,401677583,-127
ZcTag029,102465,Mk10,DS,4,0,3,23,15,2014-06-12 21:31:36,K,,,,,,,,,-126
ZcTag029,102465,Mk10,DS,2,0,0,18,18,2014-06-12 22:00:02,NN,B,36.4422,-74.3559,28.239,-112.2259,,,401677583,-134
ZcTag029,102465,Mk10,DS,2,0,0,18,18,2014-06-12 21:59:54,N,,,,,,,,,-134
ZcTag029,102465,Mk10,DS,5,0,5,47,21,2014-06-14 02:33:16,MA,0,35.7655,-74.5115,33.0771,-87.5145,50,,401677570,-121
ZcTag029,102465,Mk10,DS,5,0,5,47,21,2014-06-14 02:34:51,A,,,,,,,,,-121
ZcTag029,102465,Mk10,DS,1,0,1,,,2014-06-14 09:28:15,NK,,,,,,,,401677573,-128
ZcTag029,102465,Mk10,DS,1,0,1,,,2014-06-14 09:28:15,K,,,,,,,,,
ZcTag029,102465,Mk10,DS,5,0,5,20,15,2014-06-14 10:11:03,NN,0,35.6354,-74.7059,39.3101,-92.1729,50,,401677573,-128
ZcTag029,102465,Mk10,DS,5,0,5,20,15,2014-06-14 10:11:03,SR,0,35.6309,-74.6892,38.013,-62.4803,60,,401677591,-121
ZcTag029,102465,Mk10,DS,5,0,5,20,15,2014-06-14 10:11:44,N,,,,,,,,,-128
ZcTag029,102465,Mk10,DS,5,0,5,20,15,2014-06-14 10:11:20,R,,,,,,,,,-128
ZcTag029,102465,Mk10,DS,2,0,2,16,16,2014-06-14 14:56:04,MA,B,35.6854,-75.3275,35.0766,-71.7577,,,401677573,-129
ZcTag029,102465,Mk10,DS,2,0,2,16,16,2014-06-14 14:56:04,A,B,35.685,-75.328,,,,,401677574,-129
ZcTag029,102465,Mk10,DS,1,0,1,,,2014-06-14 20:48:07,NK,,,,,,,,401677573,-134
ZcTag029,102465,Mk10,DS,1,0,1,,,2014-06-14 20:48:07,K,,,,,,,,,
ZcTag029,102465,Mk10,DS,5,0,5,44,28,2014-06-14 22:29:17,SR,1,35.5196,-74.8415,29.7382,-45.7499,60,,401677564,-130
ZcTag029,102465,Mk10,DS,2,0,2,64,64,2014-06-14 22:28:21,NK,B,35.5234,-74.6775,30.187,-96.6786,,,401677573,-128
ZcTag029,102465,Mk10,DS,2,0,2,64,64,2014-06-14 22:28:21,K,B,35.523,-74.677,,,,,401677574,-128
ZcTag029,102465,Mk10,DS,5,0,5,44,28,2014-06-14 22:29:17,R,1,35.52,-74.841,,,60,,401677564,-130
ZcTag029,102465,Mk10,DS,1,0,1,,,2014-06-16 01:12:14,SR,,,,,,,,401677573,-137
ZcTag029,102465,Mk10,DS,1,0,1,,,2014-06-16 01:12:14,R,,,,,,,,,
ZcTag029,102465,Mk10,DS,4,0,4,18,14,2014-06-16 02:41:46,MB,0,35.5112,-74.8911,31.9872,-92.2674,50,,401677533,-128
ZcTag029,102465,Mk10,DS,4,0,4,18,14,2014-06-16 02:41:46,B,0,35.511,-74.891,,,50,,401677534,-128
ZcTag029,102465,Mk10,DS,3,0,1,50,22,2014-06-16 08:43:36,NP,A,35.4723,-74.5867,44.6706,-118.7371,,,401677631,-136
ZcTag029,102465,Mk10,DS,3,0,1,50,22,2014-06-16 08:43:36,P,A,35.472,-74.587,,,,,401677631,-136
ZcTag029,102465,Mk10,DS,5,0,4,16,16,2014-06-16 09:45:01,NN,B,35.709,-75.1903,36.9462,-79.8522,,,401677573,-128
ZcTag029,102465,Mk10,DS,5,0,4,16,16,2014-06-16 09:45:01,N,B,35.709,-75.19,,,,,401677606,-125
ZcTag029,102465,Mk10,DS,4,0,2,31,18,2014-06-16 10:46:22,SR,Z,35.4885,-74.624,34.4021,-80.1451,30,,401677595,-128
ZcTag029,102465,Mk10,DS,4,0,2,31,18,2014-06-16 10:45:36,R,,,,,,,,,-128
ZcTag029,102465,Mk10,DS,5,0,5,47,18,2014-06-16 14:59:33,MB,,,,,,,,401677573,-128
ZcTag029,102465,Mk10,DS,5,0,5,47,18,2014-06-16 15:01:08,B,,,,,,,,,
ZcTag029,102465,Mk10,DS,3,0,3,25,20,2014-06-16 19:35:28,NN,A,35.7165,-74.5462,42.8026,-41.1838,,,401677602,-133
ZcTag029,102465,Mk10,DS,3,0,3,25,20,2014-06-16 19:35:04,N,,,,,,,,,-133
ZcTag029,102465,Mk10,DS,4,0,3,37,16,2014-06-16 21:07:30,NN,0,35.7823,-74.1341,,,60,,401677636,-129
ZcTag029,102465,Mk10,DS,4,0,3,37,16,2014-06-16 21:06:50,N,,,,,,,,,-129
ZcTag029,102465,Mk10,DS,5,0,4,25,15,2014-06-16 21:30:33,NK,B,35.4232,-74.5112,35.6901,-72.9279,,,401677573,-131
ZcTag029,102465,Mk10,DS,5,0,4,25,15,2014-06-16 21:30:41,K,,,,,,,,,-131
ZcTag029,102465,Mk10,DS,5,0,5,113,20,2014-06-18 01:05:59,MA,1,40.8511,-47.8797,35.5336,-74.781,60,,401677565,-120
ZcTag029,102465,Mk10,DS,5,0,5,113,20,2014-06-18 01:06:38,A,,,,,,,,,-120
ZcTag029,102465,Mk10,DS,3,0,3,148,44,2014-06-18 01:58:34,MB,Z,35.9907,-72.5969,35.5384,-74.8556,30,,401677562,-121
ZcTag029,102465,Mk10,DS,3,0,3,148,44,2014-06-18 01:56:06,B,,,,,,,,,-121
ZcTag029,102465,Mk10,DS,1,0,1,,,2014-06-18 02:43:06,MA,,,,,,,,401677627,-133
ZcTag029,102465,Mk10,DS,1,0,1,,,2014-06-18 02:43:06,A,,,,,,,,,
ZcTag029,102465,Mk10,DS,1,0,1,,,2014-06-18 07:42:16,NN,,,,,,,,401677627,-136
ZcTag029,102465,Mk10,DS,1,0,1,,,2014-06-18 07:42:16,N,,,,,,,,,
ZcTag029,102465,Mk10,DS,1,0,1,,,2014-06-18 09:20:37,NN,,,,,,,,401677627,-134
ZcTag029,102465,Mk10,DS,1,0,1,,,2014-06-18 09:20:37,N,,,,,,,,,
ZcTag029,102465,Mk10,DS,1,0,1,,,2014-06-18 11:07:20,NK,,,,,,,,401677627,-129
ZcTag029,102465,Mk10,DS,1,0,1,,,2014-06-18 11:07:20,K,,,,,,,,,
ZcTag029,102465,Mk10,DS,3,0,3,19,18,2014-06-18 13:29:08,MA,Z,26.9103,-33.2898,35.3986,-74.9849,30,,401677532,-132
ZcTag029,102465,Mk10,DS,3,0,3,19,18,2014-06-18 13:29:07,A,,,,,,,,,-132
ZcTag029,102465,Mk10,DS,4,0,3,28,17,2014-06-18 18:12:56,NP,Z,34.6904,-76.0891,32.8972,-52.0163,30,,401677524,-131
ZcTag029,102465,Mk10,DS,4,0,3,28,17,2014-06-18 18:12:15,P,,,,,,,,,-131
ZcTag029,102465,Mk10,DS,4,0,4,67,43,2014-06-18 19:08:46,NN,0,35.6101,-74.7122,44.6616,-30.4642,66,,401677567,-131
ZcTag029,102465,Mk10,DS,4,0,4,67,43,2014-06-18 19:08:46,N,0,35.61,-74.712,,,66,,401677567,-131
ZcTag029,102465,Mk10,DS,1,0,1,,,2014-06-18 19:46:10,NP,,,,,,,,401677567,-137
ZcTag029,102465,Mk10,DS,1,0,1,,,2014-06-18 19:46:10,P,,,,,,,,,
ZcTag029,102465,Mk10,DS,1,0,1,,,2014-06-18 23:40:36,SR,,,,,,,,401677567,-121
ZcTag029,102465,Mk10,DS,1,0,1,,,2014-06-18 23:40:36,R,,,,,,,,,
ZcTag029,102465,Mk10,DS,4,0,4,35,25,2014-06-20 00:22:49,MA,0,35.8922,-74.5096,44.7387,-28.2625,50,,401677483,-129
ZcTag029,102465,Mk10,DS,4,0,4,35,25,2014-06-20 00:22:49,A,0,35.892,-74.51,,,50,,401677483,-129
ZcTag029,102465,Mk10,DS,5,0,5,83,14,2014-06-20 09:05:39,NN,1,35.6915,-74.7624,32.4728,-59.4453,60,,401677553,-125
ZcTag029,102465,Mk10,DS,5,0,5,83,14,2014-06-20 09:05:39,N,1,35.692,-74.762,,,60,,401677553,-125
ZcTag029,102465,Mk10,DS,4,0,4,43,41,2014-06-20 10:44:52,NN,0,35.7098,-74.7887,42.3426,-107.3372,58,,401677559,-133
ZcTag029,102465,Mk10,DS,4,0,4,43,41,2014-06-20 10:44:52,N,0,35.71,-74.789,,,58,,401677559,-133
ZcTag029,102465,Mk10,DS,4,0,4,47,22,2014-06-20 11:56:07,NK,0,35.7745,-74.6522,44.4168,-116.9872,67,,401677553,-134
ZcTag029,102465,Mk10,DS,4,0,4,47,22,2014-06-20 11:56:07,K,0,35.774,-74.652,,,67,,401677606,-134
ZcTag029,102465,Mk10,DS,1,0,1,,,2014-06-20 14:19:30,MA,,,,,,,,401677553,-137
ZcTag029,102465,Mk10,DS,1,0,1,,,2014-06-20 14:19:30,A,,,,,,,,,
ZcTag029,102465,Mk10,DS,3,0,1,26,16,2014-06-20 16:09:45,MA,A,35.604,-74.5217,42.3745,-109.4218,8,,401677520,-129
ZcTag029,102465,Mk10,DS,3,0,1,26,16,2014-06-20 16:09:45,A,A,35.604,-74.522,,,8,,401677521,-129
ZcTag029,102465,Mk10,DS,6,0,5,21,15,2014-06-20 19:29:02,NP,0,35.7747,-74.7791,29.3851,-104.2738,68,,401677526,-128
ZcTag029,102465,Mk10,DS,6,0,5,21,15,2014-06-20 19:29:02,P,0,35.775,-74.779,,,68,,401677526,-128
ZcTag029,102465,Mk10,DS,1,0,1,,,2014-06-20 21:41:25,NK,,,,,,,,401677553,-133
ZcTag029,102465,Mk10,DS,1,0,1,,,2014-06-20 21:41:25,K,,,,,,,,,
ZcTag029,102465,Mk10,DS,9,1,4,,,2014-06-22 01:25:29,MA,1,35.501,-74.7184,39.2031,-56.4234,50,,401677555,-120
ZcTag029,102465,Mk10,DS,9,1,4,,,2014-06-22 01:25:29,A,1,35.501,-74.718,,,50,,401677555,-120
ZcTag029,102465,Mk10,DS,1,0,0,,,2014-06-22 06:04:46,NP,,,,,,,,401677555,-137
ZcTag029,102465,Mk10,DS,1,0,0,,,2014-06-22 06:04:46,P,,,,,,,,,
ZcTag029,102465,Mk10,DS,1,0,1,,,2014-06-22 07:35:15,NP,,,,,,,,401677555,-137
ZcTag029,102465,Mk10,DS,1,0,1,,,2014-06-22 07:35:15,P,,,,,,,,,
ZcTag029,102465,Mk10,DS,3,0,2,17,15,2014-06-22 08:37:14,NN,A,35.367,-75.3691,29.49,-48.6239,7,,401677660,-136
ZcTag029,102465,Mk10,DS,3,0,2,17,15,2014-06-22 08:37:14,N,A,35.367,-75.369,,,7,,401677660,-136
ZcTag029,102465,Mk10,DS,2,0,2,19,19,2014-06-22 13:40:17,MA,B,35.3676,-74.7801,27.625,-40.8044,,,401677555,-130
ZcTag029,102465,Mk10,DS,2,0,2,19,19,2014-06-22 13:40:17,A,B,35.368,-74.78,,,,,401677555,-130
ZcTag029,102465,Mk10,DS,6,0,6,24,15,2014-06-22 20:00:51,NN,0,35.0961,-75.0053,39.0128,-55.9835,60,,401677575,-126
ZcTag029,102465,Mk10,DS,6,0,6,24,15,2014-06-22 20:00:22,N,,,,,,,,,-126
ZcTag029,102465,Mk10,DS,6,0,5,19,15,2014-06-22 20:45:06,NK,0,35.143,-74.8019,40.219,-48.9967,50,,401677539,-126
ZcTag029,102465,Mk10,DS,6,0,5,19,15,2014-06-22 20:45:06,K,0,35.143,-74.802,,,50,,401677540,-126
ZcTag029,102465,Mk10,DS,1,0,1,,,2014-06-22 22:21:27,NK,,,,,,,,401677555,-136
ZcTag029,102465,Mk10,DS,1,0,1,,,2014-06-22 22:21:27,K,,,,,,,,,
ZcTag029,102465,Mk10,DS,4,0,1,22,15,2014-06-22 23:15:24,SR,2,33.8626,-68.9066,35.0904,-74.9782,60,,401677555,-121
ZcTag029,102465,Mk10,DS,4,0,1,22,15,2014-06-22 23:15:21,R,,,,,,,,,-121
ZcTag029,102465,Mk10,DS,6,0,4,20,15,2014-06-24 00:24:43,SR,1,34.9358,-75.1466,40.0414,-101.4746,60,,401677560,-125
ZcTag029,102465,Mk10,DS,6,0,4,20,15,2014-06-24 00:23:53,R,,,,,,,,,-125
ZcTag029,102465,Mk10,DS,4,0,4,21,16,2014-06-24 00:45:18,MA,0,34.9757,-75.3322,43.1783,-35.3095,60,,401677474,-131
ZcTag029,102465,Mk10,DS,4,0,4,21,16,2014-06-24 00:44:47,A,,,,,,,,,-131
ZcTag029,102465,Mk10,DS,4,0,3,30,16,2014-06-24 02:26:58,MA,Z,32.7876,-83.9247,34.756,-74.2095,30,,401677588,-122
ZcTag029,102465,Mk10,DS,4,0,3,30,16,2014-06-24 02:27:43,A,,,,,,,,,-122
ZcTag029,102465,Mk10,DS,6,0,5,62,19,2014-06-24 07:18:54,NP,,,,,,,,401677555,-123
ZcTag029,102465,Mk10,DS,6,0,5,62,19,2014-06-24 07:19:18,P,,,,,,,,,
ZcTag029,102465,Mk10,DS,4,0,2,21,20,2014-06-24 10:21:32,NK,0,34.9299,-74.9788,33.8848,-69.8456,50,,401677557,-122
ZcTag029,102465,Mk10,DS,4,0,2,21,20,2014-06-24 10:22:04,K,,,,,,,,,-122
ZcTag029,102465,Mk10,DS,1,0,1,,,2014-06-24 11:42:36,SR,,,,,,,,401677557,-137
ZcTag029,102465,Mk10,DS,1,0,1,,,2014-06-24 11:42:36,R,,,,,,,,,
ZcTag029,102465,Mk10,DS,8,0,5,26,14,2014-06-24 14:39:03,MA,Z,33.6125,-69.2946,34.9353,-75.83,30,,401677537,-120
ZcTag029,102465,Mk10,DS,8,0,5,26,14,2014-06-24 14:40:13,A,,,,,,,,,-120
ZcTag029,102465,Mk10,DS,7,0,5,16,15,2014-06-24 15:34:10,MB,0,34.8925,-74.7978,39.0404,-95.0244,58,,401677585,-130
ZcTag029,102465,Mk10,DS,7,0,5,16,15,2014-06-24 15:34:10,B,0,34.892,-74.798,,,58,,401677585,-130
ZcTag029,102465,Mk10,DS,7,0,6,24,17,2014-06-24 18:44:21,NP,0,34.9635,-74.9538,33.3092,-82.7114,58,,401677530,-123
ZcTag029,102465,Mk10,DS,7,0,6,24,17,2014-06-24 18:44:21,P,0,34.964,-74.954,,,58,,401677531,-123
ZcTag029,102465,Mk10,DS,1,0,1,,,2014-06-24 19:56:12,NK,,,,,,,,401677557,-136
ZcTag029,102465,Mk10,DS,1,0,1,,,2014-06-24 19:56:12,K,,,,,,,,,
ZcTag029,102465,Mk10,DS,6,0,4,22,18,2014-06-24 23:53:57,SR,0,34.9421,-75.056,37.2065,-86.6099,50,,401677538,-126
ZcTag029,102465,Mk10,DS,6,0,4,22,18,2014-06-24 23:53:57,R,0,34.942,-75.056,,,50,,401677538,-126
ZcTag029,102465,Mk10,DS,1,0,1,,,2014-06-26 00:03:37,MA,,,,,,,,401677557,-131
ZcTag029,102465,Mk10,DS,1,0,1,,,2014-06-26 00:03:37,A,,,,,,,,,
ZcTag029,102465,Mk10,DS,9,0,4,28,14,2014-06-26 01:42:32,MA,2,35.1906,-74.8961,37.4124,-64.1191,50,,401677545,-116
ZcTag029,102465,Mk10,DS,9,0,4,28,14,2014-06-26 01:42:32,A,2,35.191,-74.896,,,50,,401677545,-116
ZcTag029,102465,Mk10,DS,4,0,4,60,29,2014-06-26 07:55:17,NN,0,35.2525,-74.7548,24.8571,-27.0092,68,,401677443,-132
ZcTag029,102465,Mk10,DS,4,0,4,60,29,2014-06-26 07:55:17,N,0,35.253,-74.755,,,68,,401677443,-132
ZcTag029,102465,Mk10,DS,2,0,2,35,35,2014-06-26 10:37:54,SR,,,,,,,,401677541,-125
ZcTag029,102465,Mk10,DS,2,0,2,35,35,2014-06-26 10:37:19,R,,,,,,,,,
ZcTag029,102465,Mk10,DS,1,0,1,,,2014-06-26 14:05:34,MA,,,,,,,,401677541,-128
ZcTag029,102465,Mk10,DS,1,0,1,,,2014-06-26 14:05:34,A,,,,,,,,,
ZcTag029,102465,Mk10,DS,2,0,2,45,45,2014-06-26 15:46:28,MA,B,35.1381,-74.9693,39.3242,-97.1992,,,401677541,-131
ZcTag029,102465,Mk10,DS,2,0,2,45,45,2014-06-26 15:46:28,A,B,35.138,-74.969,,,,,401677541,-131
ZcTag029,102465,Mk10,DS,9,0,8,35,15,2014-06-26 20:46:48,NK,1,35.2583,-74.7631,40.1783,-49.7657,50,,401677559,-124
ZcTag029,102465,Mk10,DS,9,0,8,35,15,2014-06-26 20:46:48,K,1,35.258,-74.763,,,50,,401677560,-124
ZcTag029,102465,Mk10,DS,2,0,2,22,22,2014-06-26 22:23:20,NK,B,35.0599,-74.7495,30.5349,-97.8367,,,401677559,-134
ZcTag029,102465,Mk10,DS,2,0,2,22,22,2014-06-26 22:23:20,K,B,35.06,-74.75,,,,,401677560,-134
ZcTag029,102465,Mk10,DS,6,0,3,19,16,2014-06-26 22:53:10,SR,0,35.3912,-75.1186,31.6849,-56.4042,56,,401677487,-126
ZcTag029,102465,Mk10,DS,6,0,3,19,16,2014-06-26 22:53:10,R,0,35.391,-75.119,,,56,,401677488,-126
ZcTag029,102465,Mk10,DS,1,0,1,,,2014-06-28 00:01:25,SR,,,,,,,,401677559,-137
ZcTag029,102465,Mk10,DS,1,0,1,,,2014-06-28 00:01:25,R,,,,,,,,,
ZcTag029,102465,Mk10,DS,3,0,3,41,21,2014-06-28 01:53:53,MB,A,35.1962,-74.9046,36.3883,-69.0193,,,401677515,-125
ZcTag029,102465,Mk10,DS,3,0,3,41,21,2014-06-28 01:53:53,B,A,35.196,-74.905,,,,,401677515,-125
ZcTag029,102465,Mk10,DS,2,0,2,17,17,2014-06-28 02:42:41,MA,B,35.22,-74.9239,31.397,-92.4847,,,401677515,-121
ZcTag029,102465,Mk10,DS,2,0,2,17,17,2014-06-28 02:42:41,A,B,35.22,-74.924,,,,,401677515,-121
ZcTag029,102465,Mk10,DS,8,0,7,20,16,2014-06-28 08:13:06,NP,0,35.0961,-74.8503,41.0398,-103.0924,68,,401677558,-128
ZcTag029,102465,Mk10,DS,8,0,7,20,16,2014-06-28 08:13:06,P,0,35.096,-74.85,,,68,,401677575,-126
ZcTag029,102465,Mk10,DS,10,0,10,42,15,2014-06-28 10:51:47,NN,1,35.0927,-74.9182,43,-111.8361,58,,401677547,-128
ZcTag029,102465,Mk10,DS,10,0,10,42,15,2014-06-28 10:51:47,N,1,35.093,-74.918,,,58,,401677548,-128
ZcTag029,102465,Mk10,DS,1,0,1,,,2014-06-28 19:44:33,NP,,,,,,,,401677547,-137
ZcTag029,102465,Mk10,DS,1,0,1,,,2014-06-28 19:44:33,P,,,,,,,,,
ZcTag029,102465,Mk10,DS,4,0,4,57,16,2014-06-28 21:36:15,NK,B,34.9171,-76.0653,35.4879,-72.9687,8,,401677549,-131
ZcTag029,102465,Mk10,DS,4,0,4,57,16,2014-06-28 21:35:20,K,A,34.912,-76.162,,,8,,401677580,-131
ZcTag029,102465,Mk10,DS,7,0,5,39,18,2014-06-30 01:59:29,MA,0,35.0204,-74.9563,35.5844,-72.2225,50,,401677532,-116
ZcTag029,102465,Mk10,DS,7,0,5,39,18,2014-06-30 01:59:29,A,0,35.02,-74.956,,,50,,401677532,-116
ZcTag029,102465,Mk10,DS,3,0,3,20,19,2014-06-30 02:50:30,MB,Z,35.0202,-75.2596,30.7268,-96.5348,30,,401677452,-130
ZcTag029,102465,Mk10,DS,3,0,3,20,19,2014-06-30 02:50:10,B,,,,,,,,,-130
ZcTag029,102465,Mk10,DS,5,0,5,74,17,2014-06-30 06:14:22,NP,0,35.1297,-74.8694,28.7306,-44.2747,50,,401677521,-131
ZcTag029,102465,Mk10,DS,5,0,5,74,17,2014-06-30 06:14:22,P,0,35.13,-74.869,,,50,,401677522,-131
ZcTag029,102465,Mk10,DS,2,0,2,46,46,2014-06-30 08:53:23,NN,B,35.1449,-74.7937,,,,,401677521,-130
ZcTag029,102465,Mk10,DS,2,0,2,46,46,2014-06-30 08:53:23,N,B,35.145,-74.794,,,,,401677528,-130
ZcTag029,102465,Mk10,DS,7,0,7,36,18,2014-06-30 09:34:41,NK,2,35.152,-74.7429,29.5013,-47.016,68,,401677528,-129
ZcTag029,102465,Mk10,DS,7,0,7,36,18,2014-06-30 09:34:41,K,2,35.152,-74.743,,,68,,401677528,-129
ZcTag029,102465,Mk10,DS,1,0,0,,,2014-06-30 11:48:00,SR,,,,,,,,401677528,-132
ZcTag029,102465,Mk10,DS,1,0,0,,,2014-06-30 11:48:00,R,,,,,,,,,
ZcTag029,102465,Mk10,DS,2,0,2,39,39,2014-06-30 14:23:36,MA,B,35.0149,-74.7311,31.8061,-57.972,,,401677528,-130
ZcTag029,102465,Mk10,DS,2,0,2,39,39,2014-06-30 14:23:36,A,B,35.015,-74.731,,,,,401677528,-130
ZcTag029,102465,Mk10,DS,4,0,3,23,17,2014-06-30 15:55:51,MA,0,35.1153,-74.5261,41.7283,-106.7183,67,,401677613,-122
ZcTag029,102465,Mk10,DS,4,0,3,23,17,2014-06-30 15:55:51,A,0,35.115,-74.526,,,67,,401677614,-122
ZcTag029,102465,Mk10,DS,6,0,4,26,15,2014-06-30 20:47:18,NK,0,35.1621,-75.0261,40.075,-50.0728,58,,401677582,-129
ZcTag029,102465,Mk10,DS,6,0,4,26,15,2014-06-30 20:47:18,K,0,35.162,-75.026,,,58,,401677583,-129
ZcTag029,102465,Mk10,DS,1,0,1,,,2014-06-30 21:53:44,NN,,,,,,,,401677528,-128
ZcTag029,102465,Mk10,DS,1,0,1,,,2014-06-30 21:53:44,N,,,,,,,,,
ZcTag029,102465,Mk10,DS,6,0,4,53,32,2014-06-30 22:29:10,NK,1,35.2598,-74.714,30.478,-98.148,50,,401677528,-130
ZcTag029,102465,Mk10,DS,4,0,2,40,17,2014-06-30 22:27:57,SR,0,35.2755,-74.9585,29.1833,-44.3715,50,,401677477,-135
ZcTag029,102465,Mk10,DS,4,0,2,40,17,2014-06-30 22:27:57,R,0,35.276,-74.959,,,50,,401677477,-135
ZcTag029,102465,Mk10,DS,6,0,4,53,32,2014-06-30 22:30:51,K,,,,,,,,,-135
ZcTag029,102465,Mk10,DS,6,0,5,17,16,2014-07-02 01:15:06,MA,0,35.3318,-74.789,39.6906,-52.6548,50,,401677581,-121
ZcTag029,102465,Mk10,DS,6,0,5,17,16,2014-07-02 01:15:06,A,0,35.332,-74.789,,,50,,401677554,-121
ZcTag029,102465,Mk10,DS,2,0,2,39,39,2014-07-02 08:23:44,NN,B,35.4172,-74.8661,27.3507,-41.0285,,,401677536,-137
ZcTag029,102465,Mk10,DS,2,0,2,39,39,2014-07-02 08:23:44,N,B,35.417,-74.866,,,,,401677527,-137
ZcTag029,102465,Mk10,DS,7,0,7,18,15,2014-07-02 10:10:11,NN,1,35.3988,-74.7503,38.5485,-89.999,60,,401677536,-127
ZcTag029,102465,Mk10,DS,7,0,7,18,15,2014-07-02 10:10:11,N,1,35.399,-74.75,,,60,,401677521,-125
ZcTag029,102465,Mk10,DS,1,0,1,,,2014-07-02 10:51:50,SR,,,,,,,,401677536,-137
ZcTag029,102465,Mk10,DS,1,0,1,,,2014-07-02 10:51:50,R,,,,,,,,,
ZcTag029,102465,Mk10,DS,2,0,2,81,81,2014-07-02 21:47:13,NK,,,,,,,,401677527,-134
ZcTag029,102465,Mk10,DS,2,0,2,81,81,2014-07-02 21:47:13,K,,,,,,,,,
ZcTag029,102465,Mk10,DS,7,0,6,20,16,2014-07-02 23:02:05,SR,1,35.3404,-74.7397,32.8411,-62.1873,50,,401677527,-121
ZcTag029,102465,Mk10,DS,7,0,6,20,16,2014-07-02 23:02:04,R,,,,,,,,,-121
ZcTag029,102465,Mk10,DS,1,0,1,,,2014-07-02 23:22:27,NK,,,,,,,,401677527,-136
ZcTag029,102465,Mk10,DS,1,0,1,,,2014-07-02 23:22:27,K,,,,,,,,,
ZcTag029,102465,Mk10,DS,3,0,2,23,21,2014-07-04 00:12:51,SR,A,35.381,-73.7944,39.5831,-95.5891,,,401677427,-132
ZcTag029,102465,Mk10,DS,3,0,2,23,21,2014-07-04 00:12:51,R,A,35.381,-73.794,,,,,401677428,-132
ZcTag029,102465,Mk10,DS,2,0,2,27,27,2014-07-04 00:35:58,MA,B,35.4391,-74.7099,43.6159,-33.0389,,,401677527,-129
ZcTag029,102465,Mk10,DS,2,0,2,27,27,2014-07-04 00:35:58,A,B,35.439,-74.71,,,,,401677527,-129
ZcTag029,102465,Mk10,DS,1,0,1,,,2014-07-04 01:29:01,MB,,,,,,,,401677527,-135
ZcTag029,102465,Mk10,DS,1,0,1,,,2014-07-04 01:29:01,B,,,,,,,,,
ZcTag029,102465,Mk10,DS,5,0,5,28,16,2014-07-04 02:12:43,MA,0,35.281,-74.9783,34.1586,-80.6107,50,,401677529,-121
ZcTag029,102465,Mk10,DS,5,0,5,28,16,2014-07-04 02:12:43,A,0,35.281,-74.978,,,50,,401677530,-121
ZcTag029,102465,Mk10,DS,1,0,1,,,2014-07-04 03:08:15,MB,,,,,,,,401677527,-133
ZcTag029,102465,Mk10,DS,1,0,1,,,2014-07-04 03:08:15,B,,,,,,,,,
ZcTag029,102465,Mk10,DS,4,0,2,18,15,2014-07-04 07:07:53,NP,Z,35.53,-74.5951,34.8356,-71.3118,30,,401677514,-122
ZcTag029,102465,Mk10,DS,4,0,2,18,15,2014-07-04 07:07:53,P,0,35.53,-74.595,,,58,,401677515,-122
ZcTag029,102465,Mk10,DS,7,0,5,50,26,2014-07-04 08:47:36,NP,1,35.6148,-74.4844,44.9677,-119.4427,50,,401677514,-132
ZcTag029,102465,Mk10,DS,7,0,5,50,26,2014-07-04 08:47:36,P,1,35.615,-74.484,,,50,,401677514,-132
ZcTag029,102465,Mk10,DS,6,0,5,54,15,2014-07-04 09:35:31,NK,,,,,,,,401677514,-129
ZcTag029,102465,Mk10,DS,6,0,5,54,15,2014-07-04 09:35:54,K,2,35.641,-74.462,,,58,,401677509,-128
ZcTag029,102465,Mk10,DS,7,0,4,47,16,2014-07-04 09:41:13,NN,0,35.5932,-74.3557,36.5433,-82.2172,56,,401677513,-124
ZcTag029,102465,Mk10,DS,7,0,4,47,16,2014-07-04 09:43:18,N,,,,,,,,,-124
ZcTag029,102465,Mk10,DS,3,0,1,78,16,2014-07-04 09:42:15,SR,A,35.6427,-74.4773,40.5653,-49.3052,50,,401677509,-129
ZcTag029,102465,Mk10,DS,3,0,1,78,16,2014-07-04 09:43:18,R,,,,,,,,,-124
ZcTag029,102465,Mk10,DS,3,0,2,57,38,2014-07-04 11:26:29,SR,A,35.6718,-74.345,31.1151,-96.4513,8,,401677507,-128
ZcTag029,102465,Mk10,DS,3,0,2,57,38,2014-07-04 11:26:29,R,A,35.672,-74.345,,,8,,401677508,-128
ZcTag029,102465,Mk10,DS,1,0,1,,,2014-07-04 11:26:49,NN,,,,,,,,401677509,-137
ZcTag029,102465,Mk10,DS,1,0,1,,,2014-07-04 11:26:49,N,,,,,,,,,
ZcTag029,102465,Mk10,DS,1,0,1,,,2014-07-06 02:29:05,MB,,,,,,,,401677509,-135
ZcTag029,102465,Mk10,DS,1,0,1,,,2014-07-06 02:29:05,B,,,,,,,,,
ZcTag029,102465,Mk10,DS,5,0,5,21,16,2014-07-06 09:20:43,NN,0,35.5098,-74.6314,34.163,-68.3506,50,,401677522,-126
ZcTag029,102465,Mk10,DS,5,0,5,21,16,2014-07-06 09:20:43,N,0,35.51,-74.631,,,50,,401677522,-126
ZcTag029,102465,Mk10,DS,4,0,3,17,16,2014-07-06 15:38:06,MA,0,35.405,-74.5661,39.3794,-94.7257,60,,401677492,-125
ZcTag029,102465,Mk10,DS,4,0,3,17,16,2014-07-06 15:38:32,A,,,,,,,,,-125
ZcTag029,102465,Mk10,DS,4,0,3,62,25,2014-07-06 19:51:35,NP,0,26.637,-115.9605,35.3679,-74.6975,60,,401677590,-131
ZcTag029,102465,Mk10,DS,4,0,3,62,25,2014-07-06 19:53:08,P,,,,,,,,,-131
ZcTag029,102465,Mk10,DS,7,0,4,23,15,2014-07-06 21:44:17,NK,,,,,,,,401677590,-126
ZcTag029,102465,Mk10,DS,7,0,4,23,15,2014-07-06 21:46:19,K,,,,,,,,,
ZcTag029,102465,Mk10,DS,8,0,5,24,16,2014-07-06 22:37:07,SR,0,35.4255,-74.6852,30.5067,-49.9723,56,,401677514,-126
ZcTag029,102465,Mk10,DS,8,0,5,24,16,2014-07-06 22:37:07,R,0,35.426,-74.685,,,56,,401677515,-126
ZcTag029,102465,Mk10,DS,5,0,5,37,14,2014-07-08 01:49:19,MB,Z,35.4999,-74.6968,37.2998,-65.9121,30,,401677506,-130
ZcTag029,102465,Mk10,DS,5,0,5,37,14,2014-07-08 01:50:35,B,,,,,,,,,-130
ZcTag029,102465,Mk10,DS,4,0,4,45,18,2014-07-08 08:55:55,NN,0,35.6286,-74.7355,31.9746,-57.5305,50,,401677543,-130
ZcTag029,102465,Mk10,DS,4,0,4,45,18,2014-07-08 08:55:55,N,0,35.629,-74.735,,,50,,401677543,-130
ZcTag029,102465,Mk10,DS,8,0,7,17,15,2014-07-08 09:16:29,SR,0,35.533,-74.6125,42.7661,-36.5362,50,,401677528,-131
ZcTag029,102465,Mk10,DS,8,0,7,17,15,2014-07-08 09:16:29,R,0,35.533,-74.613,,,50,,401677529,-131
ZcTag029,102465,Mk10,DS,2,0,2,57,57,2014-07-08 14:58:08,MA,,,,,,,,401677590,-130
ZcTag029,102465,Mk10,DS,2,0,2,57,57,2014-07-08 14:58:08,A,,,,,,,,,
ZcTag029,102465,Mk10,DS,1,0,1,,,2014-07-08 16:30:17,MA,,,,,,,,401677590,-133
ZcTag029,102465,Mk10,DS,1,0,1,,,2014-07-08 16:30:17,A,,,,,,,,,
ZcTag029,102465,Mk10,DS,1,0,0,,,2014-07-08 19:28:08,NP,,,,,,,,401677590,-137
ZcTag029,102465,Mk10,DS,1,0,0,,,2014-07-08 19:28:08,P,,,,,,,,,
ZcTag029,102465,Mk10,DS,2,0,1,102,102,2014-07-08 20:52:20,NK,B,35.4049,-74.6424,39.9609,-51.9167,,,401677590,-123
ZcTag029,102465,Mk10,DS,2,0,1,102,102,2014-07-08 20:51:30,K,,,,,,,,,-123
ZcTag029,102465,Mk10,DS,1,0,1,,,2014-07-08 23:08:44,SR,,,,,,,,401677590,-137
ZcTag029,102465,Mk10,DS,1,0,1,,,2014-07-08 23:08:44,R,,,,,,,,,
ZcTag029,102465,Mk10,DS,2,0,2,24,24,2014-07-10 01:48:15,MA,B,36.0955,-77.0924,37.6721,-68.1518,,,401677590,-127
ZcTag029,102465,Mk10,DS,2,0,2,24,24,2014-07-10 01:48:03,A,,,,,,,,,-127
ZcTag029,102465,Mk10,DS,2,0,2,17,17,2014-07-10 03:30:53,MA,B,35.7589,-73.4338,26.572,-118.4518,,,401677590,-132
ZcTag029,102465,Mk10,DS,2,0,2,17,17,2014-07-10 03:31:02,A,,,,,,,,,-132
ZcTag029,102465,Mk10,DS,1,0,0,,,2014-07-10 06:02:58,NP,,,,,,,,401677590,-137
ZcTag029,102465,Mk10,DS,1,0,0,,,2014-07-10 06:02:58,P,,,,,,,,,
ZcTag029,102465,Mk10,DS,2,0,2,340,340,2014-07-10 11:35:37,SR,B,35.7523,-73.8194,29.9593,-102.9846,,,401677590,-133
ZcTag029,102465,Mk10,DS,2,0,2,340,340,2014-07-10 11:32:47,R,,,,,,,,,-133
ZcTag029,102465,Mk10,DS,4,0,2,58,35,2014-07-10 14:08:59,MA,0,36.107,-73.8183,32.3209,-55.6722,50,,401677500,-119
ZcTag029,102465,Mk10,DS,4,0,2,58,35,2014-07-10 14:10:28,A,,,,,,,,,-119
ZcTag029,102465,Mk10,DS,8,0,7,75,15,2014-07-10 20:01:26,NN,0,36.1115,-74.0115,40.1189,-55.4677,56,,401677506,-125
ZcTag029,102465,Mk10,DS,8,0,7,75,15,2014-07-10 20:01:26,N,0,36.112,-74.012,,,56,,401677507,-125
ZcTag029,102465,Mk10,DS,4,0,4,48,20,2014-07-10 20:04:38,NK,0,36.0827,-74.0428,44.871,-29.1785,56,,401677508,-134
ZcTag029,102465,Mk10,DS,4,0,4,48,20,2014-07-10 20:04:38,K,0,36.083,-74.043,,,56,,401677508,-134
ZcTag029,102465,Mk10,DS,2,0,2,23,23,2014-07-10 21:48:58,NK,B,35.3908,-72.4027,33.1623,-79.0538,,,401677506,-134
ZcTag029,102465,Mk10,DS,2,0,2,23,23,2014-07-10 21:48:47,K,,,,,,,,,-134
ZcTag029,102465,Mk10,DS,3,0,2,35,29,2014-07-10 22:08:41,SR,A,36.1205,-74.0613,28.6686,-38.0137,8,,401677525,-132
ZcTag029,102465,Mk10,DS,3,0,2,35,29,2014-07-10 22:08:41,R,A,36.12,-74.061,,,8,,401677526,-132
ZcTag029,102465,Mk10,DS,2,0,1,16,16,2014-07-12 02:04:50,MB,,,,,,,,401677506,-131
ZcTag029,102465,Mk10,DS,2,0,1,16,16,2014-07-12 02:05:06,B,,,,,,,,,
ZcTag029,102465,Mk10,DS,1,0,1,,,2014-07-12 02:47:28,MA,,,,,,,,401677506,-132
ZcTag029,102465,Mk10,DS,1,0,1,,,2014-07-12 02:47:28,A,,,,,,,,,
ZcTag029,102465,Mk10,DS,7,0,5,24,15,2014-07-12 07:24:52,NP,Z,35.5723,-74.1199,36.2822,-77.5774,30,,401677492,-125
ZcTag029,102465,Mk10,DS,7,0,5,24,15,2014-07-12 07:26:06,P,,,,,,,,,-125
ZcTag029,102465,Mk10,DS,6,0,4,22,17,2014-07-12 10:32:26,SR,1,35.6246,-74.6754,36.1547,-72.0327,50,,401677502,-124
ZcTag029,102465,Mk10,DS,6,0,4,22,17,2014-07-12 10:32:26,R,1,35.625,-74.675,,,50,,401677502,-124
ZcTag029,102465,Mk10,DS,1,0,0,,,2014-07-12 11:13:50,NK,,,,,,,,401677506,-130
ZcTag029,102465,Mk10,DS,1,0,0,,,2014-07-12 11:13:50,K,,,,,,,,,
ZcTag029,102465,Mk10,DS,6,0,5,22,16,2014-07-12 15:13:41,MA,0,35.5133,-74.6284,37.1944,-83.06,60,,401677486,-120
ZcTag029,102465,Mk10,DS,6,0,5,22,16,2014-07-12 15:13:41,A,0,35.513,-74.628,,,60,,401677486,-120